estrato;cluster_final_codigo;cluster_baixo;perfil_automatico;nome_base;nome_base_original;tipo_nome;macro_1;macro_1_pct;macro_2;macro_2_pct;macro_3;macro_3_pct;macro_1_2_pct;nome_base_repetido;nome_base_ainda_repetido;duplicado_no_estrato;ranking_concentracao;n_candidatos;patrimonio_mediano;patrimonio_medio;qtd_macros_media;concentracao_media;cluster_intermediario;cluster_alto;cluster_ultra_alto
Baixo patrimônio;baixo_k8_c5;5.0;Baixo patrimônio - créditos direitos financeiro;créditos direitos financeiro;créditos direitos financeiro;macro_complementar;créditos direitos;0.5435106347113009;financeiro;0.15830976221968196;veicular;0.14072925648449358;0.7018203969309829;False;False;False;;52;509355.5;465352.42307692306;2.1153846153846154;0.7132777843048174;;;
Baixo patrimônio;baixo_k8_c7;7.0;Baixo patrimônio - dinheiro espécie outros ativos;dinheiro espécie outros ativos;dinheiro espécie outros ativos;macro_complementar;dinheiro espécie;0.6602996252292809;outros ativos;0.3057065279305847;atividade profissional;0.02900132896340372;0.9660061531598656;False;False;False;;409;90000.0;171631.31051344745;1.0513447432762837;0.9945098801837354;;;
Baixo patrimônio;baixo_k8_c3;3.0;Baixo patrimônio - financeiro concentrado;financeiro concentrado;financeiro concentrado;concentrado;financeiro;0.9902166602038398;societário;0.0034583597737430074;outros ativos;0.0029003035644046293;0.9936750199775828;False;False;False;;552;99427.5;211839.60326086957;1.0833333333333333;0.9889616664244975;;;
Baixo patrimônio;baixo_k8_c1;1.0;Baixo patrimônio - imobiliário concentrado;imobiliário concentrado;imobiliário concentrado;concentrado;imobiliário;0.969706392815051;veicular;0.018622213059246585;societário;0.004132738328123575;0.9883286058742976;False;False;False;;693;630000.0;617140.7792207792;1.2352092352092352;0.9512280443726705;;;
Baixo patrimônio;baixo_k8_c4;4.0;Baixo patrimônio - rural agropecuário veicular;rural agropecuário veicular;rural agropecuário veicular;macro_complementar;rural agropecuário;0.6990858465833933;veicular;0.18800571120052523;imobiliário;0.05314252341647387;0.8870915577839186;False;False;False;;88;629880.0;618185.2272727273;1.8181818181818181;0.7493149047270724;;;
Baixo patrimônio;baixo_k8_c2;2.0;Baixo patrimônio - societário concentrado;societário concentrado;societário concentrado;concentrado;societário;0.9524096237420695;veicular;0.017301824956636312;dinheiro espécie;0.015142619788184855;0.9697114486987058;False;False;False;;343;200000.0;357709.73760932946;1.1924198250728864;0.947300892826482;;;
Baixo patrimônio;baixo_k8_c0;0.0;Baixo patrimônio - veicular concentrado;veicular concentrado;veicular concentrado;concentrado;veicular;0.9994993482086416;dinheiro espécie;0.00034384756737611597;outros ativos;0.00010534093409637229;0.9998431957760178;False;False;False;;2017;292270.0;344731.9305899851;1.0153693604362914;0.9990617141964396;;;
Baixo patrimônio;baixo_k8_c6;6.0;Baixo patrimônio - veicular financeiro;veicular financeiro;veicular financeiro;macro_complementar;veicular;0.5358271547171465;financeiro;0.178136664545462;imobiliário;0.14226964059476352;0.7139638192626085;False;False;False;;652;550000.0;544054.4171779141;2.2392638036809815;0.6350212733026445;;;
Patrimônio intermediário;intermediario_k10_c3;;Patrimônio intermediário - créditos direitos misto;créditos direitos misto;créditos direitos misto;misto;créditos direitos;0.34476461240851575;imobiliário;0.2885141110024479;financeiro;0.14187990460323988;0.6332787234109636;False;False;False;;282;4542670.5;4900636.046099291;3.421985815602837;0.5536932457607379;3.0;;
Patrimônio intermediário;intermediario_k10_c8;;Patrimônio intermediário - financeiro concentrado;financeiro concentrado;financeiro concentrado;concentrado;financeiro;0.8136502362696993;veicular;0.11791848295118083;dinheiro espécie;0.028295794151356534;0.9315687192208801;False;False;False;;498;2601391.0;3515849.3473895583;1.8514056224899598;0.7875844478553169;8.0;;
Patrimônio intermediário;intermediario_k10_c5;;Patrimônio intermediário - imobiliário concentrado com outros ativos;imobiliário concentrado com outros ativos;imobiliário concentrado;concentrado;imobiliário;0.9579905744916148;outros ativos;0.020311028244876995;dinheiro espécie;0.01734143757774843;0.9783016027364918;True;False;False;;1750;2800000.0;3468453.72;1.1828571428571428;0.9787659200854215;5.0;;
Patrimônio intermediário;intermediario_k10_c0;;Patrimônio intermediário - imobiliário concentrado com veicular;imobiliário concentrado com veicular;imobiliário concentrado;concentrado;imobiliário;0.8043810225113597;veicular;0.18341847754007704;dinheiro espécie;0.007036061747094245;0.9877995000514367;True;False;False;;2239;3350000.0;3898538.7878517197;2.0946851272889684;0.7323678386668956;0.0;;
Patrimônio intermediário;intermediario_k10_c6;;Patrimônio intermediário - imobiliário financeiro;imobiliário financeiro;imobiliário financeiro;macro_complementar;imobiliário;0.6106348365144291;financeiro;0.20358080469275242;veicular;0.1519184468881293;0.8142156412071815;False;False;False;;944;4449166.0;4803598.351694915;3.0;0.5862090754140686;6.0;;
Patrimônio intermediário;intermediario_k10_c7;;Patrimônio intermediário - imobiliário misto;imobiliário misto;imobiliário misto;misto;imobiliário;0.5039269966774729;societário;0.169469496388074;veicular;0.15369989400546094;0.6733964930655468;False;False;False;;652;4576506.5;4945881.398773006;3.4938650306748467;0.5313484397139143;7.0;;
Patrimônio intermediário;intermediario_k10_c2;;Patrimônio intermediário - imobiliário rural agropecuário;imobiliário rural agropecuário;imobiliário rural agropecuário;macro_complementar;imobiliário;0.4177289437078084;rural agropecuário;0.31875870890892727;veicular;0.1228125415826676;0.7364876526167357;False;False;False;;499;5439900.0;5441071.683366734;3.444889779559118;0.4686067764140379;2.0;;
Patrimônio intermediário;intermediario_k10_c9;;Patrimônio intermediário - rural agropecuário concentrado;rural agropecuário concentrado;rural agropecuário concentrado;concentrado;rural agropecuário;0.8454185922180217;veicular;0.07957517934975926;imobiliário;0.028864548088106613;0.924993771567781;False;False;False;;224;3364580.0;4042382.8571428573;1.9017857142857142;0.7860814922339875;9.0;;
Patrimônio intermediário;intermediario_k10_c4;;Patrimônio intermediário - societário concentrado;societário concentrado;societário concentrado;concentrado;societário;0.7944652807024501;veicular;0.08523939797104736;dinheiro espécie;0.044355172476250246;0.8797046786734976;False;False;False;;361;2345960.0;3284543.2825484765;1.9085872576177285;0.7587103625289108;4.0;;
Patrimônio intermediário;intermediario_k10_c1;;Patrimônio intermediário - veicular concentrado;veicular concentrado;veicular concentrado;concentrado;veicular;0.9068143617005697;dinheiro espécie;0.03780397268882255;financeiro;0.024697480114886754;0.9446183343893922;False;False;False;;521;1748084.0;2457901.188099808;1.4836852207293667;0.894024030952115;1.0;;
Alto patrimônio;alto_k9_c5;;Alto patrimônio - financeiro societário;financeiro societário;financeiro societário;macro_complementar;financeiro;0.5104090604024364;societário;0.21270466824218348;rural agropecuário;0.155791994996324;0.7231137286446199;False;False;False;0.0;347;21391675.0;28558041.88184438;2.325648414985591;0.8169861205405757;;5.0;
Alto patrimônio;alto_k9_c1;;Alto patrimônio - imobiliário concentrado;imobiliário concentrado;imobiliário concentrado;concentrado;imobiliário;0.759716084150459;financeiro;0.17622505179120446;veicular;0.04364020354991677;0.9359411359416634;False;False;False;0.0;1832;22205598.5;30529060.09934498;2.590065502183406;0.7830281575431446;;1.0;
Alto patrimônio;alto_k9_c6;;Alto patrimônio - imobiliário financeiro;imobiliário financeiro;imobiliário financeiro;macro_complementar;imobiliário;0.5849815067773677;financeiro;0.22317968817277486;societário;0.06705474084805803;0.8081611949501426;False;False;False;0.0;384;25663259.5;34848070.015625;4.125;0.620802300038134;;6.0;
Alto patrimônio;alto_k9_c2;;Alto patrimônio - imobiliário financeiro créditos direitos misto;imobiliário financeiro créditos direitos misto;imobiliário misto;misto;imobiliário;0.37606298282112477;financeiro;0.22953434754372964;créditos direitos;0.19638337552006685;0.6055973303648544;True;False;False;0.0;482;32066501.0;37555780.597510375;4.3029045643153525;0.5705060883370796;;2.0;
Alto patrimônio;alto_k9_c3;;Alto patrimônio - imobiliário rural agropecuário;imobiliário rural agropecuário;imobiliário rural agropecuário;macro_complementar;imobiliário;0.4867550450514295;rural agropecuário;0.25027339820091865;financeiro;0.12998492823842087;0.7370284432523482;False;False;False;0.0;611;26000000.0;34642528.823240586;3.8461538461538463;0.5539631138414906;;3.0;
Alto patrimônio;alto_k9_c4;;Alto patrimônio - imobiliário rural agropecuário financeiro misto mais concentrado;imobiliário rural agropecuário financeiro misto mais concentrado;imobiliário misto;misto;imobiliário;0.3830711309992451;rural agropecuário;0.20269194083548814;financeiro;0.15362363099331128;0.5857630718347333;True;True;False;0.0;192;28244319.5;35912249.770833336;5.067708333333333;0.49346805561398993;;4.0;
Alto patrimônio;alto_k9_c8;;Alto patrimônio - imobiliário rural agropecuário financeiro misto mais diversificado;imobiliário rural agropecuário financeiro misto mais diversificado;imobiliário misto;misto;imobiliário;0.302947820911118;rural agropecuário;0.1806685846433742;financeiro;0.17179480728637384;0.4836164055544922;True;True;False;1.0;192;36064147.5;42441961.630208336;5.59375;0.4484016710603594;;8.0;
Alto patrimônio;alto_k9_c7;;Alto patrimônio - imobiliário societário;imobiliário societário;imobiliário societário;macro_complementar;imobiliário;0.4411565514512238;societário;0.3369309872277923;financeiro;0.14655519379940019;0.778087538679016;False;False;False;0.0;271;24780117.0;32031865.431734316;3.4797047970479706;0.5098063518457607;;7.0;
Alto patrimônio;alto_k9_c0;;Alto patrimônio - veicular imobiliário;veicular imobiliário;veicular imobiliário;macro_complementar;veicular;0.6050927523327426;imobiliário;0.2611482986891698;financeiro;0.09354396578557328;0.8662410510219124;False;False;False;0.0;173;16047335.0;20152830.225433525;2.9364161849710984;0.58478342853704;;0.0;
Ultra alto patrimônio;ultra_k7_c3;;Ultra alto patrimônio - créditos direitos misto;créditos direitos misto;créditos direitos misto;misto;créditos direitos;0.3781576800474914;financeiro;0.2374620326166668;imobiliário;0.19628270937468367;0.6156197126641582;False;False;False;;112;261137176.5;995906242.8392857;5.741071428571429;0.4805480700084857;;;3.0
Ultra alto patrimônio;ultra_k7_c4;;Ultra alto patrimônio - imobiliário concentrado;imobiliário concentrado;imobiliário concentrado;concentrado;imobiliário;0.9314246007317865;veicular;0.020128637086805536;societário;0.0162580084326185;0.951553237818592;False;False;False;;72;161368476.0;195243932.16666666;2.7083333333333335;0.8991326036199736;;;4.0
Ultra alto patrimônio;ultra_k7_c0;;Ultra alto patrimônio - imobiliário financeiro com rural agropecuário;imobiliário financeiro com rural agropecuário;imobiliário financeiro;macro_complementar;imobiliário;0.4264010296315519;financeiro;0.35075302281362036;rural agropecuário;0.0759892061691924;0.7771540524451723;True;False;False;;172;182120332.0;424951428.35465115;5.8313953488372094;0.5950132368963217;;;0.0
Ultra alto patrimônio;ultra_k7_c2;;Ultra alto patrimônio - imobiliário financeiro com societário;imobiliário financeiro com societário;imobiliário financeiro;macro_complementar;imobiliário;0.4828763063987297;financeiro;0.44241883236656127;societário;0.04270384245961576;0.925295138765291;True;False;False;;330;174298679.0;306053305.3878788;4.078787878787879;0.6975748980381896;;;2.0
Ultra alto patrimônio;ultra_k7_c6;;Ultra alto patrimônio - imobiliário misto;imobiliário misto;imobiliário misto;misto;imobiliário;0.3083625742637404;financeiro;0.24339722455795232;outros ativos;0.19111706830429875;0.5517597988216927;False;False;False;;93;206173452.0;466508901.483871;5.182795698924731;0.5411212551426221;;;6.0
Ultra alto patrimônio;ultra_k7_c1;;Ultra alto patrimônio - rural agropecuário imobiliário;rural agropecuário imobiliário;rural agropecuário imobiliário;macro_complementar;rural agropecuário;0.5973439325420916;imobiliário;0.20082517890971224;financeiro;0.12090684351923373;0.7981691114518039;False;False;False;;104;176628293.5;356346235.3557692;4.326923076923077;0.583970917804768;;;1.0
Ultra alto patrimônio;ultra_k7_c5;;Ultra alto patrimônio - societário concentrado;societário concentrado;societário concentrado;concentrado;societário;0.812492825636319;imobiliário;0.0791238700667663;financeiro;0.0628238212310198;0.8916166957030853;False;False;False;;76;291240263.5;3371487287.236842;4.026315789473684;0.7240446668231139;;;5.0
