DS_CARGO;perfil_cluster;candidatos_cluster_cargo;eleitos_cluster_cargo;taxa_cluster_cargo;candidatos_cargo;eleitos_cargo;taxa_cargo;indice_vs_cargo;delta_pp_vs_cargo;participacao_candidatos_cargo;participacao_eleitos_cargo;patrimonio_mediano_cluster_cargo
DEPUTADO FEDERAL;Alto patrimônio - imobiliário diversificado com societário e créditos e direitos;197;57;0.2893401015228426;6772;498;0.0735380980507974;3.934560577334719;21.58020034720452;0.02909037212049616;0.1144578313253012;2756874.93
DEPUTADO ESTADUAL;Alto patrimônio - imobiliário diversificado com societário e créditos e direitos;198;74;0.37373737373737376;10056;975;0.09695704057279236;3.854669774669775;27.67803331645814;0.019689737470167064;0.0758974358974359;2086149.1400000001
DEPUTADO ESTADUAL;Alto patrimônio - imobiliário diversificado com rural/agropecuário e societário;221;68;0.3076923076923077;10056;975;0.09695704057279236;3.173491124260355;21.073526711951533;0.0219769291964996;0.06974358974358974;1802344.72
DEPUTADO ESTADUAL;Alto patrimônio - imobiliário + financeiro;332;91;0.2740963855421687;10056;975;0.09695704057279236;2.826987951807229;17.713934496937632;0.0330151153540175;0.09333333333333334;1184814.1099999999
DEPUTADO FEDERAL;Alto patrimônio - imobiliário + financeiro;274;55;0.20072992700729927;6772;498;0.0735380980507974;2.729604549585202;12.719182895650189;0.040460720614294156;0.11044176706827309;1349952.395
DEPUTADO ESTADUAL;Alto patrimônio - imobiliário + societário com societário e financeiro;487;116;0.23819301848049282;10056;975;0.09695704057279236;2.456686147528037;14.123597790770045;0.04842879872712808;0.11897435897435897;1426948.0
DEPUTADO FEDERAL;Patrimônio médio-alto - veicular diversificado;151;27;0.17880794701986755;6772;498;0.0735380980507974;2.431500837788239;10.526984896907015;0.02229769639692853;0.05421686746987952;414884.0
DEPUTADO FEDERAL;Alto patrimônio - imobiliário + societário com societário e financeiro;455;81;0.17802197802197803;6772;498;0.0735380980507974;2.4208129220177415;10.448387997118063;0.06718842291789723;0.16265060240963855;1627500.0
DEPUTADO FEDERAL;Patrimônio médio-alto - imobiliário concentrado com financeiro e societário;157;27;0.17197452229299362;6772;498;0.0735380980507974;2.338577238891873;9.843642424219622;0.023183697578263437;0.05421686746987952;509302.56
DEPUTADO ESTADUAL;Alto patrimônio - imobiliário concentrado com financeiro e outros ativos;254;56;0.2204724409448819;10056;975;0.09695704057279236;2.273918837068443;12.351540037208952;0.025258552108194113;0.057435897435897436;1200000.0
DEPUTADO ESTADUAL;Patrimônio médio-alto - imobiliário concentrado com financeiro e societário;199;43;0.21608040201005024;10056;975;0.09695704057279236;2.2286200231928874;11.912336143725788;0.019789180588703263;0.0441025641025641;481300.0
DEPUTADO ESTADUAL;Alto patrimônio - imobiliário + rural/agropecuário;325;64;0.19692307692307692;10056;975;0.09695704057279236;2.0310343195266274;9.996603635028457;0.03231901352426412;0.06564102564102564;1435638.26
DEPUTADO ESTADUAL;Patrimônio médio-alto - veicular diversificado;214;42;0.19626168224299065;10056;975;0.09695704057279236;2.024212796549245;9.930464167019828;0.021280827366746222;0.043076923076923075;428637.71499999997
DEPUTADO DISTRITAL;Alto patrimônio - imobiliário concentrado com veicular e outros ativos;28;3;0.10714285714285714;394;22;0.05583756345177665;1.9188311688311688;5.130529369108048;0.07106598984771574;0.13636363636363635;1003000.0
DEPUTADO FEDERAL;Alto patrimônio - imobiliário diversificado com rural/agropecuário e societário;164;23;0.1402439024390244;6772;498;0.0735380980507974;1.9070917817611912;6.6705804388227;0.024217365623154165;0.04618473895582329;2125669.66
SENADOR;Alto patrimônio - imobiliário + societário com societário e financeiro;29;7;0.2413793103448276;213;27;0.1267605633802817;1.9042145593869733;11.461874696454592;0.13615023474178403;0.25925925925925924;1751667.0
DEPUTADO FEDERAL;Patrimônio médio-baixo - imobiliário concentrado com financeiro e societário;119;16;0.13445378151260504;6772;498;0.0735380980507974;1.8283554385609664;6.091568346180763;0.017572356763142352;0.0321285140562249;192005.0
DEPUTADO FEDERAL;Alto patrimônio - imobiliário + rural/agropecuário;254;34;0.13385826771653545;6772;498;0.0735380980507974;1.8202574075830884;6.032016966573804;0.03750738334317779;0.06827309236947791;1583950.0
DEPUTADO ESTADUAL;Patrimônio médio-alto - imobiliário + veicular com veicular e financeiro;342;55;0.1608187134502924;10056;975;0.09695704057279236;1.6586594691857848;6.386167287750003;0.03400954653937947;0.05641025641025641;473389.20999999996
DEPUTADO ESTADUAL;Patrimônio médio-baixo - veicular + financeiro;204;32;0.1568627450980392;10056;975;0.09695704057279236;1.6178582202111613;5.990570452524685;0.02028639618138425;0.03282051282051282;172252.575
DEPUTADO FEDERAL;Alto patrimônio - imobiliário concentrado com financeiro e outros ativos;217;24;0.11059907834101383;6772;498;0.0735380980507974;1.5039697962356338;3.7060980290216428;0.032043709391612524;0.04819277108433735;1200000.0
DEPUTADO ESTADUAL;Alto patrimônio - imobiliário concentrado com veicular e outros ativos;297;42;0.1414141414141414;10056;975;0.09695704057279236;1.4585236985236985;4.445710084134904;0.029534606205250596;0.043076923076923075;1082694.0
DEPUTADO ESTADUAL;Patrimônio médio-alto - rural/agropecuário + imobiliário;239;32;0.13389121338912133;10056;975;0.09695704057279236;1.3809333762471836;3.6934172816328963;0.023766905330151154;0.03282051282051282;511000.0
DEPUTADO DISTRITAL;Patrimônio médio-alto - imobiliário concentrado com veicular e dinheiro em espécie;42;3;0.07142857142857142;394;22;0.05583756345177665;1.279220779220779;1.5591007976794775;0.1065989847715736;0.13636363636363635;493750.0
DEPUTADO FEDERAL;Patrimônio médio-baixo - veicular + financeiro;121;11;0.09090909090909091;6772;498;0.0735380980507974;1.2362175976633807;1.7370992858293508;0.017867690490253985;0.02208835341365462;155463.12
DEPUTADO ESTADUAL;Patrimônio médio-alto - imobiliário + veicular com veicular e societário;238;26;0.1092436974789916;10056;975;0.09695704057279236;1.1267226890756303;1.2286656906199234;0.023667462211614955;0.02666666666666667;486672.86
DEPUTADO FEDERAL;Patrimônio médio-alto - imobiliário + veicular com veicular e financeiro;239;19;0.0794979079497908;6772;498;0.0735380980507974;1.0810438406345044;0.595980989899339;0.03529238038984052;0.03815261044176707;472376.83
DEPUTADO ESTADUAL;Patrimônio médio-baixo - societário + veicular;188;19;0.10106382978723404;10056;975;0.09695704057279236;1.0423567921440262;0.41067892144416723;0.01869530628480509;0.019487179487179488;170000.0
DEPUTADO ESTADUAL;Patrimônio médio-baixo - imobiliário concentrado com financeiro e societário;149;15;0.10067114093959731;10056;975;0.09695704057279236;1.0383066597831698;0.37141003668049455;0.014817024661893398;0.015384615384615385;203000.0
DEPUTADO FEDERAL;Patrimônio médio-baixo - imobiliário + veicular;145;10;0.06896551724137931;6772;498;0.0735380980507974;0.9378202465032544;-0.4572580809418095;0.02141169521559362;0.020080321285140562;211139.66
DEPUTADO ESTADUAL;Baixo patrimônio - financeiro concentrado;367;28;0.07629427792915532;10056;975;0.09695704057279236;0.786887444980088;-2.066276264363705;0.03649562450278441;0.028717948717948718;7045.18
DEPUTADO FEDERAL;Patrimônio médio-alto - rural/agropecuário + imobiliário;146;8;0.0547945205479452;6772;498;0.0735380980507974;0.7451174561258733;-1.8743577502852202;0.02155936207914944;0.01606425702811245;493876.46
DEPUTADO ESTADUAL;Patrimônio médio-alto - imobiliário concentrado com societário e dinheiro em espécie;362;26;0.0718232044198895;10056;975;0.09695704057279236;0.7407734806629834;-2.5133836152902864;0.03599840891010342;0.02666666666666667;459032.605
DEPUTADO FEDERAL;Baixo patrimônio - financeiro concentrado;280;12;0.04285714285714286;6772;498;0.0735380980507974;0.5827882960413081;-3.0680955193654547;0.04134672179562906;0.024096385542168676;6375.135
DEPUTADO FEDERAL;Patrimônio médio-alto - imobiliário concentrado com societário e dinheiro em espécie;261;11;0.0421455938697318;6772;498;0.0735380980507974;0.5731123728630999;-3.13925041810656;0.038541051388068515;0.02208835341365462;450000.0
DEPUTADO ESTADUAL;Patrimônio médio-baixo - imobiliário + veicular;282;14;0.04964539007092199;10056;975;0.09695704057279236;0.5120349154391708;-4.7311650501870375;0.028042959427207637;0.014358974358974359;207250.41499999998
DEPUTADO ESTADUAL;Patrimônio médio-baixo - veicular concentrado;225;11;0.04888888888888889;10056;975;0.09695704057279236;0.5042324786324787;-4.806815168390347;0.02237470167064439;0.011282051282051283;148507.0
DEPUTADO FEDERAL;Patrimônio médio-alto - imobiliário concentrado com veicular e dinheiro em espécie;411;15;0.0364963503649635;6772;498;0.0735380980507974;0.4962917362882185;-3.7041747685833903;0.06069108092144123;0.030120481927710843;465000.0
DEPUTADO ESTADUAL;Patrimônio médio-alto - imobiliário concentrado com veicular e dinheiro em espécie;650;30;0.046153846153846156;10056;975;0.09695704057279236;0.47602366863905327;-5.080319441894621;0.06463802704852824;0.03076923076923077;438027.26
DEPUTADO ESTADUAL;Patrimônio médio-baixo - rural/agropecuário + imobiliário;131;6;0.04580152671755725;10056;975;0.09695704057279236;0.4723899001761597;-5.115551385523511;0.013027048528241846;0.006153846153846154;195300.0
DEPUTADO FEDERAL;Baixo patrimônio - veicular concentrado com financeiro e societário;147;5;0.034013605442176874;6772;498;0.0735380980507974;0.46253039368357785;-3.952449260862053;0.021707028942705257;0.010040160642570281;50000.0
DEPUTADO FEDERAL;Alto patrimônio - imobiliário concentrado com veicular e outros ativos;250;8;0.032;6772;498;0.0735380980507974;0.43514859437751;-4.1538098050797405;0.03691671588895452;0.01606425702811245;1160939.185
DEPUTADO FEDERAL;Patrimônio médio-baixo - rural/agropecuário + imobiliário;69;2;0.028985507246376812;6772;498;0.0735380980507974;0.394156335486875;-4.455259080442059;0.010189013585351446;0.004016064257028112;200574.72
DEPUTADO FEDERAL;Baixo patrimônio - societário concentrado;176;5;0.028409090909090908;6772;498;0.0735380980507974;0.3863179992698065;-4.512900714170649;0.02598936798582398;0.010040160642570281;24046.295
DEPUTADO ESTADUAL;Baixo patrimônio - societário concentrado;206;7;0.03398058252427184;10056;975;0.09695704057279236;0.350470500373413;-6.297645804852052;0.02048528241845664;0.0071794871794871795;20264.555
DEPUTADO FEDERAL;Baixo patrimônio - imobiliário concentrado;234;6;0.02564102564102564;6772;498;0.0735380980507974;0.34867675831531253;-4.789707240977177;0.03455404607206143;0.012048192771084338;61317.79
DEPUTADO ESTADUAL;Baixo patrimônio - veicular concentrado com financeiro e societário;252;8;0.031746031746031744;10056;975;0.09695704057279236;0.3274236874236874;-6.521100882676062;0.025059665871121718;0.008205128205128205;47524.880000000005
DEPUTADO FEDERAL;Baixo patrimônio - imobiliário + veicular;94;2;0.02127659574468085;6772;498;0.0735380980507974;0.289327522857387;-5.226150230611655;0.013880685174246898;0.004016064257028112;71865.555
DEPUTADO ESTADUAL;Baixo patrimônio - dinheiro em espécie concentrado;222;6;0.02702702702702703;10056;975;0.09695704057279236;0.2787525987525988;-6.993001354576533;0.0220763723150358;0.006153846153846154;10000.0
DEPUTADO FEDERAL;Patrimônio médio-alto - imobiliário + veicular com veicular e societário;157;3;0.01910828025477707;6772;498;0.0735380980507974;0.25984191543243035;-5.442981779602034;0.023183697578263437;0.006024096385542169;493722.56
DEPUTADO FEDERAL;Patrimônio médio-baixo - veicular concentrado;121;2;0.01652892561983471;6772;498;0.0735380980507974;0.2247668359387965;-5.700917243096269;0.017867690490253985;0.004016064257028112;146612.0
DEPUTADO ESTADUAL;Patrimônio médio-baixo - imobiliário concentrado com societário e dinheiro em espécie;619;13;0.0210016155088853;10056;975;0.09695704057279236;0.21660743134087238;-7.595542506390707;0.06155529037390613;0.013333333333333334;200000.0
DEPUTADO ESTADUAL;Baixo patrimônio - imobiliário concentrado;455;9;0.01978021978021978;10056;975;0.09695704057279236;0.20401014370245138;-7.7176820792572585;0.04524661893396977;0.009230769230769232;60000.0
DEPUTADO FEDERAL;Baixo patrimônio - dinheiro em espécie concentrado;135;2;0.014814814814814815;6772;498;0.0735380980507974;0.20145768258218058;-5.872328323598259;0.01993502658003544;0.004016064257028112;12500.0
DEPUTADO FEDERAL;Patrimônio médio-baixo - imobiliário concentrado com veicular e societário;384;5;0.013020833333333334;6772;498;0.0735380980507974;0.17706241633199465;-6.051726471746407;0.05670407560543414;0.010040160642570281;194008.09
DEPUTADO ESTADUAL;Patrimônio médio-baixo - imobiliário concentrado com veicular e societário;699;9;0.012875536480686695;10056;975;0.09695704057279236;0.13279630241003632;-8.408150409210567;0.06951073985680191;0.009230769230769232;194000.0
DEPUTADO FEDERAL;Baixo patrimônio - veicular concentrado com rural/agropecuário e dinheiro em espécie;760;7;0.009210526315789473;6772;498;0.0735380980507974;0.12524836186852673;-6.432757173500793;0.11222681630242173;0.014056224899598393;30792.5
DEPUTADO FEDERAL;Patrimônio médio-baixo - societário + veicular;118;1;0.00847457627118644;6772;498;0.0735380980507974;0.11524062351099312;-6.506352177961096;0.017424689899586534;0.002008032128514056;161307.18
DEPUTADO ESTADUAL;Baixo patrimônio - veicular concentrado com rural/agropecuário e dinheiro em espécie;1318;14;0.010622154779969651;10056;975;0.09695704057279236;0.10955527022294853;-8.633488579282272;0.13106603023070804;0.014358974358974359;29096.0
DEPUTADO FEDERAL;Patrimônio médio-baixo - imobiliário concentrado com societário e dinheiro em espécie;354;2;0.005649717514124294;6772;498;0.0735380980507974;0.07682708234066209;-6.788838053667311;0.0522740696987596;0.004016064257028112;191601.04
DEPUTADO DISTRITAL;Baixo patrimônio - veicular concentrado com rural/agropecuário e dinheiro em espécie;60;0;0.0;394;22;0.05583756345177665;0.0;-5.583756345177665;0.15228426395939088;0.0;38500.0
DEPUTADO DISTRITAL;Patrimônio médio-baixo - imobiliário concentrado com veicular e societário;30;0;0.0;394;22;0.05583756345177665;0.0;-5.583756345177665;0.07614213197969544;0.0;219937.66
DEPUTADO FEDERAL;Baixo patrimônio - outros ativos diversificado;109;0;0.0;6772;498;0.0735380980507974;0.0;-7.353809805079741;0.01609568812758417;0.0;275.21
DEPUTADO ESTADUAL;Baixo patrimônio - imobiliário + veicular;193;0;0.0;10056;975;0.09695704057279236;0.0;-9.695704057279237;0.019192521877486077;0.0;75000.0
DEPUTADO ESTADUAL;Baixo patrimônio - outros ativos diversificado;129;0;0.0;10056;975;0.09695704057279236;0.0;-9.695704057279237;0.01282816229116945;0.0;10000.0
