estrato;SG_UF;perfil_cluster;candidatos_cluster_uf;eleitos_cluster_uf;taxa_cluster_uf;candidatos_estrato_uf;eleitos_estrato_uf;taxa_estrato_uf;indice_vs_estrato_uf;delta_pp_vs_estrato_uf;participacao_candidatos_estrato_uf;participacao_eleitos_estrato_uf;patrimonio_mediano_cluster_uf
02_medio_baixo;RJ;Patrimônio médio-baixo - veicular + financeiro;38;10;0.2631578947368421;300;18;0.06;4.385964912280702;20.31578947368421;0.12666666666666668;0.5555555555555556;164691.555
01_baixo;MG;Baixo patrimônio - financeiro concentrado;42;5;0.11904761904761904;441;12;0.027210884353741496;4.375;9.183673469387754;0.09523809523809523;0.4166666666666667;15000.0
02_medio_baixo;SP;Patrimônio médio-baixo - imobiliário concentrado com financeiro e societário;62;6;0.0967741935483871;521;14;0.026871401151631478;3.6013824884792625;6.990279239675562;0.11900191938579655;0.42857142857142855;196270.495
02_medio_baixo;MG;Patrimônio médio-baixo - veicular concentrado;37;4;0.10810810810810811;387;14;0.03617571059431524;2.9884169884169887;7.193239751379288;0.09560723514211886;0.2857142857142857;160000.0
02_medio_baixo;PR;Patrimônio médio-baixo - veicular + financeiro;25;2;0.08;256;7;0.02734375;2.9257142857142857;5.265625;0.09765625;0.2857142857142857;180454.08
01_baixo;SP;Baixo patrimônio - financeiro concentrado;140;7;0.05;745;13;0.0174496644295302;2.865384615384616;3.25503355704698;0.18791946308724833;0.5384615384615384;5000.0
03_medio_alto;RJ;Patrimônio médio-alto - imobiliário concentrado com financeiro e societário;41;10;0.24390243902439024;303;27;0.0891089108910891;2.7371273712737128;15.479352813330113;0.1353135313531353;0.37037037037037035;482549.04
01_baixo;BA;Baixo patrimônio - financeiro concentrado;52;2;0.038461538461538464;339;5;0.014749262536873156;2.6076923076923078;2.3712275924665307;0.15339233038348082;0.4;5000.0
02_medio_baixo;RS;Patrimônio médio-baixo - imobiliário concentrado com financeiro e societário;25;5;0.2;237;19;0.08016877637130802;2.494736842105263;11.9831223628692;0.10548523206751055;0.2631578947368421;191171.75
03_medio_alto;MG;Patrimônio médio-alto - veicular diversificado;25;5;0.2;401;35;0.08728179551122195;2.2914285714285714;11.271820448877806;0.06234413965087282;0.14285714285714285;430000.0
01_baixo;SP;Baixo patrimônio - dinheiro em espécie concentrado;26;1;0.038461538461538464;745;13;0.0174496644295302;2.20414201183432;2.1011874032008264;0.0348993288590604;0.07692307692307693;39250.0
04_alto;PR;Alto patrimônio - imobiliário diversificado com societário e créditos e direitos;44;20;0.45454545454545453;275;57;0.20727272727272728;2.1929824561403506;24.727272727272727;0.16;0.3508771929824561;2419047.095
01_baixo;RJ;Baixo patrimônio - dinheiro em espécie concentrado;49;4;0.08163265306122448;510;20;0.0392156862745098;2.081632653061224;4.241696678671468;0.09607843137254903;0.2;20000.0
04_alto;MG;Alto patrimônio - imobiliário diversificado com societário e créditos e direitos;42;14;0.3333333333333333;418;67;0.16028708133971292;2.079601990049751;17.30462519936204;0.10047846889952153;0.208955223880597;2372432.58
02_medio_baixo;SP;Patrimônio médio-baixo - imobiliário + veicular;90;5;0.05555555555555555;521;14;0.026871401151631478;2.067460317460317;2.8684154403924076;0.1727447216890595;0.35714285714285715;223008.0
02_medio_baixo;PR;Patrimônio médio-baixo - imobiliário + veicular;36;2;0.05555555555555555;256;7;0.02734375;2.0317460317460316;2.8211805555555554;0.140625;0.2857142857142857;203190.275
03_medio_alto;PR;Patrimônio médio-alto - rural/agropecuário + imobiliário;26;4;0.15384615384615385;236;18;0.07627118644067797;2.017094017094017;7.757496740547588;0.11016949152542373;0.2222222222222222;481094.55500000005
03_medio_alto;SP;Patrimônio médio-alto - imobiliário concentrado com financeiro e societário;73;11;0.1506849315068493;573;43;0.07504363001745201;2.0079643198470847;7.5641301489397295;0.1273996509598604;0.2558139534883721;509518.88
03_medio_alto;MG;Patrimônio médio-alto - imobiliário + veicular com veicular e financeiro;58;10;0.1724137931034483;401;35;0.08728179551122195;1.975369458128079;8.513199759222633;0.14463840399002495;0.2857142857142857;466486.735
04_alto;BA;Alto patrimônio - imobiliário diversificado com societário e créditos e direitos;26;14;0.5384615384615384;220;61;0.2772727272727273;1.9419924337957124;26.118881118881117;0.11818181818181818;0.22950819672131148;3025637.76
01_baixo;PE;Baixo patrimônio - imobiliário concentrado;40;2;0.05;193;5;0.025906735751295335;1.9300000000000002;2.409326424870467;0.20725388601036268;0.4;80000.0
03_medio_alto;SP;Patrimônio médio-alto - veicular diversificado;49;7;0.14285714285714285;573;43;0.07504363001745201;1.9036544850498336;6.781351283969084;0.08551483420593368;0.16279069767441862;400314.87
04_alto;GO;Alto patrimônio - imobiliário diversificado com rural/agropecuário e societário;26;8;0.3076923076923077;209;34;0.16267942583732056;1.8914027149321269;14.501288185498714;0.12440191387559808;0.23529411764705882;2486466.0200000005
03_medio_alto;SC;Patrimônio médio-alto - imobiliário + veicular com veicular e financeiro;29;4;0.13793103448275862;204;15;0.07352941176470588;1.8758620689655172;6.440162271805273;0.14215686274509803;0.26666666666666666;528585.0599999999
02_medio_baixo;AP;Patrimônio médio-baixo - imobiliário concentrado com societário e dinheiro em espécie;25;4;0.16;82;7;0.08536585365853659;1.874285714285714;7.463414634146341;0.3048780487804878;0.5714285714285714;170000.0
03_medio_alto;PR;Patrimônio médio-alto - imobiliário concentrado com financeiro e societário;29;4;0.13793103448275862;236;18;0.07627118644067797;1.8084291187739463;6.1659848042080645;0.1228813559322034;0.2222222222222222;460253.64
03_medio_alto;SP;Patrimônio médio-alto - imobiliário + veicular com veicular e financeiro;135;18;0.13333333333333333;573;43;0.07504363001745201;1.7767441860465114;5.828970331588132;0.2356020942408377;0.4186046511627907;472376.83
03_medio_alto;ES;Patrimônio médio-alto - imobiliário concentrado com societário e dinheiro em espécie;25;4;0.16;122;11;0.09016393442622951;1.7745454545454544;6.983606557377049;0.20491803278688525;0.36363636363636365;503839.67
02_medio_baixo;SP;Patrimônio médio-baixo - veicular + financeiro;63;3;0.047619047619047616;521;14;0.026871401151631478;1.7721088435374148;2.0747646467416136;0.12092130518234165;0.21428571428571427;152389.0
01_baixo;SP;Baixo patrimônio - societário concentrado;65;2;0.03076923076923077;745;13;0.0174496644295302;1.763313609467456;1.331956633970057;0.087248322147651;0.15384615384615385;16000.0
03_medio_alto;MG;Patrimônio médio-alto - imobiliário concentrado com financeiro e societário;46;7;0.15217391304347827;401;35;0.08728179551122195;1.7434782608695651;6.489211753225632;0.11471321695760599;0.2;504214.86
04_alto;SC;Alto patrimônio - imobiliário diversificado com societário e créditos e direitos;31;9;0.2903225806451613;203;34;0.16748768472906403;1.733396584440228;12.283489591609728;0.15270935960591134;0.2647058823529412;2894850.35
01_baixo;RS;Baixo patrimônio - financeiro concentrado;55;2;0.03636363636363636;284;6;0.02112676056338028;1.7212121212121212;1.523687580025608;0.1936619718309859;0.3333333333333333;3239.44
01_baixo;RJ;Baixo patrimônio - financeiro concentrado;120;8;0.06666666666666667;510;20;0.0392156862745098;1.7;2.7450980392156863;0.23529411764705882;0.4;5370.15
04_alto;GO;Alto patrimônio - imobiliário diversificado com societário e créditos e direitos;29;8;0.27586206896551724;209;34;0.16267942583732056;1.695740365111562;11.318264312819668;0.13875598086124402;0.23529411764705882;3086048.41
03_medio_alto;RS;Patrimônio médio-alto - imobiliário concentrado com financeiro e societário;25;4;0.16;236;23;0.09745762711864407;1.6417391304347826;6.254237288135593;0.1059322033898305;0.17391304347826086;482936.68
03_medio_alto;RJ;Patrimônio médio-alto - imobiliário + veicular com veicular e societário;28;4;0.14285714285714285;303;27;0.0891089108910891;1.6031746031746033;5.374823196605375;0.0924092409240924;0.14814814814814814;476650.79000000004
02_medio_baixo;RS;Patrimônio médio-baixo - imobiliário + veicular;40;5;0.125;237;19;0.08016877637130802;1.5592105263157894;4.483122362869198;0.16877637130801687;0.2631578947368421;185701.72
04_alto;DF;Alto patrimônio - imobiliário + financeiro;31;4;0.12903225806451613;167;14;0.08383233532934131;1.5391705069124424;4.519992273517481;0.18562874251497005;0.2857142857142857;1302975.54
03_medio_alto;SP;Patrimônio médio-alto - rural/agropecuário + imobiliário;26;3;0.11538461538461539;573;43;0.07504363001745201;1.537567084078712;4.034098536716338;0.04537521815008726;0.06976744186046512;445860.925
02_medio_baixo;MG;Patrimônio médio-baixo - veicular + financeiro;36;2;0.05555555555555555;387;14;0.03617571059431524;1.5357142857142858;1.937984496124031;0.09302325581395349;0.14285714285714285;174678.215
04_alto;CE;Alto patrimônio - imobiliário + societário com societário e financeiro;38;15;0.39473684210526316;136;35;0.25735294117647056;1.5338345864661656;13.73839009287926;0.27941176470588236;0.42857142857142855;1633003.775
04_alto;BA;Alto patrimônio - imobiliário diversificado com rural/agropecuário e societário;38;16;0.42105263157894735;220;61;0.2772727272727273;1.518550474547023;14.377990430622006;0.17272727272727273;0.26229508196721313;2075178.01
04_alto;RJ;Alto patrimônio - imobiliário + financeiro;53;13;0.24528301886792453;309;50;0.16181229773462782;1.5158490566037737;8.34707211332967;0.1715210355987055;0.26;1430904.24
02_medio_baixo;RJ;Patrimônio médio-baixo - societário + veicular;34;3;0.08823529411764706;300;18;0.06;1.4705882352941178;2.8235294117647065;0.11333333333333333;0.16666666666666666;170000.0
03_medio_alto;BA;Patrimônio médio-alto - imobiliário + veicular com veicular e financeiro;26;4;0.15384615384615385;219;23;0.1050228310502283;1.4648829431438128;4.882332279592555;0.1187214611872146;0.17391304347826086;464915.615
04_alto;MG;Alto patrimônio - imobiliário + societário com societário e financeiro;94;22;0.23404255319148937;418;67;0.16028708133971292;1.4601460781200382;7.375547185177645;0.22488038277511962;0.3283582089552239;1626907.27
04_alto;SP;Alto patrimônio - imobiliário diversificado com societário e créditos e direitos;78;15;0.19230769230769232;669;89;0.13303437967115098;1.4455488331892827;5.927331263654134;0.11659192825112108;0.16853932584269662;2213440.4750000006
01_baixo;RJ;Baixo patrimônio - imobiliário concentrado;53;3;0.05660377358490566;510;20;0.0392156862745098;1.4433962264150944;1.7388087310395859;0.10392156862745099;0.15;52319.11
03_medio_alto;SE;Patrimônio médio-alto - imobiliário concentrado com veicular e dinheiro em espécie;25;4;0.16;72;8;0.1111111111111111;1.4400000000000002;4.88888888888889;0.3472222222222222;0.5;456000.0
04_alto;TO;Alto patrimônio - imobiliário + rural/agropecuário;37;10;0.2702702702702703;105;20;0.19047619047619047;1.418918918918919;7.979407979407982;0.3523809523809524;0.5;2075149.73
04_alto;SP;Alto patrimônio - imobiliário + financeiro;139;26;0.18705035971223022;669;89;0.13303437967115098;1.40603023199418;5.401598004107925;0.2077727952167414;0.29213483146067415;1293907.39
04_alto;MG;Alto patrimônio - imobiliário + financeiro;49;11;0.22448979591836735;418;67;0.16028708133971292;1.4005482790130976;6.420271457865442;0.11722488038277512;0.16417910447761194;1163000.0
03_medio_alto;PA;Patrimônio médio-alto - imobiliário concentrado com veicular e dinheiro em espécie;32;4;0.125;96;9;0.09375;1.3333333333333333;3.125;0.3333333333333333;0.4444444444444444;477000.0
04_alto;DF;Alto patrimônio - imobiliário concentrado com veicular e outros ativos;45;5;0.1111111111111111;167;14;0.08383233532934131;1.3253968253968254;2.7278775781769795;0.2694610778443114;0.35714285714285715;1220000.0
01_baixo;AP;Baixo patrimônio - veicular concentrado com rural/agropecuário e dinheiro em espécie;35;3;0.08571428571428572;75;5;0.06666666666666667;1.2857142857142858;1.9047619047619049;0.4666666666666667;0.6;40000.0
03_medio_alto;RJ;Patrimônio médio-alto - veicular diversificado;35;4;0.11428571428571428;303;27;0.0891089108910891;1.2825396825396826;2.5176803394625176;0.11551155115511551;0.14814814814814814;428046.52
03_medio_alto;PR;Patrimônio médio-alto - imobiliário + veicular com veicular e financeiro;41;4;0.0975609756097561;236;18;0.07627118644067797;1.2791327913279131;2.128978916907813;0.17372881355932204;0.2222222222222222;515485.16
04_alto;RS;Alto patrimônio - imobiliário + rural/agropecuário;25;6;0.24;213;40;0.18779342723004694;1.278;5.220657276995305;0.11737089201877934;0.15;1229640.51
01_baixo;MG;Baixo patrimônio - imobiliário + veicular;29;1;0.034482758620689655;441;12;0.027210884353741496;1.2672413793103448;0.727187426694816;0.06575963718820861;0.08333333333333333;72507.34
04_alto;RJ;Alto patrimônio - imobiliário + societário com societário e financeiro;103;21;0.20388349514563106;309;50;0.16181229773462782;1.26;4.207119741100324;0.3333333333333333;0.42;1636501.43
01_baixo;SP;Baixo patrimônio - veicular concentrado com financeiro e societário;91;2;0.02197802197802198;745;13;0.0174496644295302;1.2595097210481827;0.452835754849178;0.1221476510067114;0.15384615384615385;43850.0
02_medio_baixo;RJ;Patrimônio médio-baixo - imobiliário concentrado com financeiro e societário;27;2;0.07407407407407407;300;18;0.06;1.2345679012345678;1.4074074074074072;0.09;0.1111111111111111;210396.99
04_alto;SC;Alto patrimônio - imobiliário + financeiro;34;7;0.20588235294117646;203;34;0.16748768472906403;1.2292387543252596;3.8394668212112433;0.16748768472906403;0.20588235294117646;1239574.57
01_baixo;RS;Baixo patrimônio - veicular concentrado com financeiro e societário;39;1;0.02564102564102564;284;6;0.02112676056338028;1.2136752136752136;0.45142650776453586;0.13732394366197184;0.16666666666666666;38188.43
01_baixo;RS;Baixo patrimônio - veicular concentrado com rural/agropecuário e dinheiro em espécie;118;3;0.025423728813559324;284;6;0.02112676056338028;1.2033898305084747;0.42969682501790424;0.4154929577464789;0.5;35000.0
04_alto;SC;Alto patrimônio - imobiliário + societário com societário e financeiro;55;11;0.2;203;34;0.16748768472906403;1.1941176470588237;3.2512315270935983;0.270935960591133;0.3235294117647059;1796246.12
04_alto;PR;Alto patrimônio - imobiliário + societário com societário e financeiro;68;16;0.23529411764705882;275;57;0.20727272727272728;1.1351909184726523;2.8021390374331547;0.24727272727272728;0.2807017543859649;1228427.865
04_alto;SP;Alto patrimônio - imobiliário + societário com societário e financeiro;200;30;0.15;669;89;0.13303437967115098;1.1275280898876403;1.6965620328849018;0.29895366218236175;0.33707865168539325;1583311.75
04_alto;BA;Alto patrimônio - imobiliário + rural/agropecuário;42;13;0.30952380952380953;220;61;0.2772727272727273;1.1163153786104605;3.225108225108225;0.19090909090909092;0.21311475409836064;1183271.545
04_alto;RS;Alto patrimônio - imobiliário + financeiro;43;9;0.20930232558139536;213;40;0.18779342723004694;1.1145348837209303;2.150889835134842;0.20187793427230047;0.225;1243858.7
04_alto;BA;Alto patrimônio - imobiliário + financeiro;26;8;0.3076923076923077;220;61;0.2772727272727273;1.1097099621689785;3.0419580419580425;0.11818181818181818;0.13114754098360656;1324788.53
03_medio_alto;DF;Patrimônio médio-alto - imobiliário concentrado com veicular e dinheiro em espécie;56;4;0.07142857142857142;155;10;0.06451612903225806;1.1071428571428572;0.6912442396313362;0.36129032258064514;0.4;477250.0
02_medio_baixo;MG;Patrimônio médio-baixo - societário + veicular;25;1;0.04;387;14;0.03617571059431524;1.1057142857142859;0.3824289405684758;0.06459948320413436;0.07142857142857142;154000.0
03_medio_alto;SC;Patrimônio médio-alto - imobiliário + veicular com veicular e societário;37;3;0.08108108108108109;204;15;0.07352941176470588;1.1027027027027028;0.75516693163752;0.18137254901960784;0.2;511972.2400000001
03_medio_alto;RJ;Patrimônio médio-alto - imobiliário + veicular com veicular e financeiro;51;5;0.09803921568627451;303;27;0.0891089108910891;1.1002178649237473;0.8930304795185404;0.16831683168316833;0.18518518518518517;455613.96
04_alto;AM;Alto patrimônio - imobiliário + societário com societário e financeiro;35;8;0.22857142857142856;85;18;0.21176470588235294;1.0793650793650793;1.6806722689075626;0.4117647058823529;0.4444444444444444;1440884.11
02_medio_baixo;CE;Patrimônio médio-baixo - imobiliário concentrado com societário e dinheiro em espécie;35;2;0.05714285714285714;150;8;0.05333333333333334;1.0714285714285714;0.38095238095238043;0.23333333333333334;0.25;170000.0
03_medio_alto;RS;Patrimônio médio-alto - imobiliário concentrado com veicular e dinheiro em espécie;59;6;0.1016949152542373;236;23;0.09745762711864407;1.0434782608695652;0.4237288135593223;0.25;0.2608695652173913;450000.0
04_alto;PE;Alto patrimônio - imobiliário + societário com societário e financeiro;36;12;0.3333333333333333;124;40;0.3225806451612903;1.0333333333333332;1.0752688172043001;0.2903225806451613;0.3;1336093.83
04_alto;PA;Alto patrimônio - imobiliário + societário com societário e financeiro;44;11;0.25;172;42;0.2441860465116279;1.023809523809524;0.5813953488372103;0.2558139534883721;0.2619047619047619;1266378.88
03_medio_alto;BA;Patrimônio médio-alto - rural/agropecuário + imobiliário;28;3;0.10714285714285714;219;23;0.1050228310502283;1.0201863354037266;0.21200260926288322;0.1278538812785388;0.13043478260869565;435500.0
01_baixo;BA;Baixo patrimônio - imobiliário concentrado;67;1;0.014925373134328358;339;5;0.014749262536873156;1.0119402985074626;0.01761105974552018;0.1976401179941003;0.2;50000.0
04_alto;MA;Alto patrimônio - imobiliário + societário com societário e financeiro;27;7;0.25925925925925924;144;37;0.2569444444444444;1.0090090090090091;0.2314814814814825;0.1875;0.1891891891891892;2010087.55
01_baixo;RJ;Baixo patrimônio - societário concentrado;51;2;0.0392156862745098;510;20;0.0392156862745098;1.0;0.0;0.1;0.1;20000.0
03_medio_alto;MG;Patrimônio médio-alto - rural/agropecuário + imobiliário;46;4;0.08695652173913043;401;35;0.08728179551122195;0.9962732919254658;-0.032527377209151664;0.11471321695760599;0.11428571428571428;501178.125
04_alto;MG;Alto patrimônio - imobiliário diversificado com rural/agropecuário e societário;40;6;0.15;418;67;0.16028708133971292;0.935820895522388;-1.0287081339712927;0.09569377990430622;0.08955223880597014;1697879.7400000002
04_alto;CE;Alto patrimônio - imobiliário + financeiro;25;6;0.24;136;35;0.25735294117647056;0.9325714285714286;-1.735294117647057;0.18382352941176472;0.17142857142857143;1017229.46
01_baixo;MG;Baixo patrimônio - veicular concentrado com financeiro e societário;40;1;0.025;441;12;0.027210884353741496;0.9187500000000001;-0.2210884353741494;0.09070294784580499;0.08333333333333333;49361.425
01_baixo;SE;Baixo patrimônio - veicular concentrado com rural/agropecuário e dinheiro em espécie;37;2;0.05405405405405406;84;5;0.05952380952380952;0.9081081081081082;-0.5469755469755464;0.44047619047619047;0.4;25000.0
01_baixo;RO;Baixo patrimônio - veicular concentrado com rural/agropecuário e dinheiro em espécie;56;1;0.017857142857142856;151;3;0.019867549668874173;0.8988095238095237;-0.20104068117313167;0.3708609271523179;0.3333333333333333;37500.0
02_medio_baixo;RO;Patrimônio médio-baixo - imobiliário concentrado com veicular e societário;26;1;0.038461538461538464;89;4;0.0449438202247191;0.8557692307692308;-0.6482281763180636;0.29213483146067415;0.25;169465.5
01_baixo;MG;Baixo patrimônio - imobiliário concentrado;43;1;0.023255813953488372;441;12;0.027210884353741496;0.8546511627906977;-0.3955070400253124;0.09750566893424037;0.08333333333333333;77000.0
04_alto;RN;Alto patrimônio - imobiliário + societário com societário e financeiro;26;7;0.2692307692307692;72;23;0.3194444444444444;0.842809364548495;-5.02136752136752;0.3611111111111111;0.30434782608695654;1390018.3050000002
04_alto;GO;Alto patrimônio - imobiliário + societário com societário e financeiro;45;6;0.13333333333333333;209;34;0.16267942583732056;0.819607843137255;-2.934609250398723;0.215311004784689;0.17647058823529413;1522704.82
04_alto;MG;Alto patrimônio - imobiliário concentrado com financeiro e outros ativos;46;6;0.13043478260869565;418;67;0.16028708133971292;0.8137573004542504;-2.9852298731017273;0.11004784688995216;0.08955223880597014;1401000.0
01_baixo;GO;Baixo patrimônio - veicular concentrado com rural/agropecuário e dinheiro em espécie;78;1;0.01282051282051282;190;3;0.015789473684210527;0.8119658119658119;-0.29689608636977066;0.4105263157894737;0.3333333333333333;31206.0
02_medio_baixo;MG;Patrimônio médio-baixo - imobiliário + veicular;35;1;0.02857142857142857;387;14;0.03617571059431524;0.789795918367347;-0.7604282022886673;0.09043927648578812;0.07142857142857142;214795.71
04_alto;PR;Alto patrimônio - imobiliário + financeiro;49;8;0.16326530612244897;275;57;0.20727272727272728;0.7876834944504116;-4.400742115027831;0.1781818181818182;0.14035087719298245;1314498.81
04_alto;GO;Alto patrimônio - imobiliário + rural/agropecuário;47;6;0.1276595744680851;209;34;0.16267942583732056;0.7847309136420526;-3.5019851369235466;0.22488038277511962;0.17647058823529413;1380000.0
04_alto;SP;Alto patrimônio - imobiliário diversificado com rural/agropecuário e societário;49;5;0.10204081632653061;669;89;0.13303437967115098;0.7670259114881908;-3.099356334462036;0.07324364723467862;0.056179775280898875;1819848.24
04_alto;RO;Alto patrimônio - imobiliário + rural/agropecuário;27;2;0.07407407407407407;92;9;0.09782608695652174;0.7572016460905349;-2.3752012882447673;0.29347826086956524;0.2222222222222222;1227080.0
04_alto;SP;Alto patrimônio - imobiliário concentrado com financeiro e outros ativos;80;8;0.1;669;89;0.13303437967115098;0.751685393258427;-3.303437967115097;0.11958146487294469;0.0898876404494382;1241606.825
04_alto;RJ;Alto patrimônio - imobiliário concentrado com financeiro e outros ativos;66;8;0.12121212121212122;309;50;0.16181229773462782;0.7490909090909091;-4.060017652250661;0.21359223300970873;0.16;1250000.0
01_baixo;MS;Baixo patrimônio - veicular concentrado com rural/agropecuário e dinheiro em espécie;42;1;0.023809523809523808;93;3;0.03225806451612903;0.738095238095238;-0.8448540706605223;0.45161290322580644;0.3333333333333333;28000.0
01_baixo;ES;Baixo patrimônio - veicular concentrado com rural/agropecuário e dinheiro em espécie;68;2;0.029411764705882353;148;6;0.04054054054054054;0.7254901960784313;-1.112877583465819;0.4594594594594595;0.3333333333333333;37044.0
04_alto;MA;Alto patrimônio - imobiliário + rural/agropecuário;28;5;0.17857142857142858;144;37;0.2569444444444444;0.694980694980695;-7.837301587301584;0.19444444444444445;0.13513513513513514;1508750.0
02_medio_baixo;PB;Patrimônio médio-baixo - imobiliário concentrado com societário e dinheiro em espécie;41;1;0.024390243902439025;113;4;0.035398230088495575;0.6890243902439025;-1.1007986186056549;0.36283185840707965;0.25;160000.0
02_medio_baixo;SE;Patrimônio médio-baixo - imobiliário concentrado com societário e dinheiro em espécie;27;1;0.037037037037037035;93;5;0.053763440860215055;0.6888888888888889;-1.672640382317802;0.2903225806451613;0.2;200000.0
03_medio_alto;CE;Patrimônio médio-alto - imobiliário concentrado com societário e dinheiro em espécie;26;3;0.11538461538461539;131;22;0.16793893129770993;0.6870629370629371;-5.255431591309454;0.1984732824427481;0.13636363636363635;507500.0
03_medio_alto;RS;Patrimônio médio-alto - imobiliário + veicular com veicular e financeiro;46;3;0.06521739130434782;236;23;0.09745762711864407;0.6691871455576559;-3.2240235814296248;0.19491525423728814;0.13043478260869565;488404.53
02_medio_baixo;RS;Patrimônio médio-baixo - imobiliário concentrado com veicular e societário;56;3;0.05357142857142857;237;19;0.08016877637130802;0.6682330827067668;-2.6597347799879456;0.23628691983122363;0.15789473684210525;201000.0
04_alto;PA;Alto patrimônio - imobiliário + rural/agropecuário;31;5;0.16129032258064516;172;42;0.2441860465116279;0.6605222734254993;-8.289572393098274;0.18023255813953487;0.11904761904761904;1615500.0
03_medio_alto;RR;Patrimônio médio-alto - imobiliário concentrado com veicular e dinheiro em espécie;26;3;0.11538461538461539;77;14;0.18181818181818182;0.6346153846153846;-6.643356643356643;0.33766233766233766;0.21428571428571427;451500.0
04_alto;RS;Alto patrimônio - imobiliário + societário com societário e financeiro;51;6;0.11764705882352941;213;40;0.18779342723004694;0.6264705882352941;-7.014636840651753;0.23943661971830985;0.15;1488841.4
03_medio_alto;MG;Patrimônio médio-alto - imobiliário + veicular com veicular e societário;37;2;0.05405405405405406;401;35;0.08728179551122195;0.6193050193050194;-3.322774145716789;0.09226932668329177;0.05714285714285714;478115.64
02_medio_baixo;PB;Patrimônio médio-baixo - imobiliário concentrado com veicular e societário;46;1;0.021739130434782608;113;4;0.035398230088495575;0.6141304347826086;-1.3659099653712967;0.40707964601769914;0.25;195531.0
03_medio_alto;TO;Patrimônio médio-alto - imobiliário concentrado com veicular e dinheiro em espécie;34;2;0.058823529411764705;104;10;0.09615384615384616;0.6117647058823529;-3.7330316742081453;0.3269230769230769;0.2;455000.0
02_medio_baixo;MT;Patrimônio médio-baixo - imobiliário concentrado com veicular e societário;37;1;0.02702702702702703;89;4;0.0449438202247191;0.6013513513513514;-1.7916793197692071;0.4157303370786517;0.25;193000.0
03_medio_alto;DF;Patrimônio médio-alto - imobiliário concentrado com societário e dinheiro em espécie;26;1;0.038461538461538464;155;10;0.06451612903225806;0.5961538461538463;-2.60545905707196;0.16774193548387098;0.1;480591.85
03_medio_alto;MA;Patrimônio médio-alto - imobiliário concentrado com veicular e dinheiro em espécie;49;3;0.061224489795918366;146;15;0.10273972602739725;0.5959183673469388;-4.151523623147889;0.3356164383561644;0.2;505000.0
04_alto;PR;Alto patrimônio - imobiliário diversificado com rural/agropecuário e societário;25;3;0.12;275;57;0.20727272727272728;0.5789473684210527;-8.727272727272728;0.09090909090909091;0.05263157894736842;1886825.14
02_medio_baixo;MA;Patrimônio médio-baixo - imobiliário concentrado com veicular e societário;39;1;0.02564102564102564;134;6;0.04477611940298507;0.5726495726495726;-1.9135093761959432;0.291044776119403;0.16666666666666666;195000.0
03_medio_alto;RJ;Patrimônio médio-alto - imobiliário concentrado com societário e dinheiro em espécie;59;3;0.05084745762711865;303;27;0.0891089108910891;0.5706214689265537;-3.8261453263970457;0.19471947194719472;0.1111111111111111;475031.4
04_alto;PR;Alto patrimônio - imobiliário + rural/agropecuário;35;4;0.11428571428571428;275;57;0.20727272727272728;0.5513784461152882;-9.2987012987013;0.12727272727272726;0.07017543859649122;1349000.0
01_baixo;BA;Baixo patrimônio - veicular concentrado com rural/agropecuário e dinheiro em espécie;125;1;0.008;339;5;0.014749262536873156;0.5424;-0.6749262536873156;0.3687315634218289;0.2;32457.0
01_baixo;RJ;Baixo patrimônio - veicular concentrado com financeiro e societário;48;1;0.020833333333333332;510;20;0.0392156862745098;0.53125;-1.8382352941176472;0.09411764705882353;0.05;56633.895000000004
02_medio_baixo;RJ;Patrimônio médio-baixo - imobiliário + veicular;32;1;0.03125;300;18;0.06;0.5208333333333334;-2.875;0.10666666666666667;0.05555555555555555;186004.75
02_medio_baixo;MA;Patrimônio médio-baixo - imobiliário concentrado com societário e dinheiro em espécie;44;1;0.022727272727272728;134;6;0.04477611940298507;0.5075757575757576;-2.2048846675712346;0.3283582089552239;0.16666666666666666;200000.0
03_medio_alto;RS;Patrimônio médio-alto - imobiliário + veicular com veicular e societário;41;2;0.04878048780487805;236;23;0.09745762711864407;0.5005302226935313;-4.867713931376602;0.17372881355932204;0.08695652173913043;489996.87
03_medio_alto;SC;Patrimônio médio-alto - imobiliário concentrado com veicular e dinheiro em espécie;55;2;0.03636363636363636;204;15;0.07352941176470588;0.4945454545454545;-3.716577540106952;0.2696078431372549;0.13333333333333333;472354.0
03_medio_alto;MS;Patrimônio médio-alto - imobiliário concentrado com veicular e dinheiro em espécie;29;1;0.034482758620689655;86;6;0.06976744186046512;0.4942528735632184;-3.5284683239775463;0.3372093023255814;0.16666666666666666;402000.0
01_baixo;MG;Baixo patrimônio - veicular concentrado com rural/agropecuário e dinheiro em espécie;231;3;0.012987012987012988;441;12;0.027210884353741496;0.47727272727272735;-1.4223871366728509;0.5238095238095238;0.25;28000.0
03_medio_alto;PR;Patrimônio médio-alto - imobiliário concentrado com societário e dinheiro em espécie;28;1;0.03571428571428571;236;18;0.07627118644067797;0.4682539682539682;-4.0556900726392255;0.11864406779661017;0.05555555555555555;401500.0
03_medio_alto;MG;Patrimônio médio-alto - imobiliário concentrado com veicular e dinheiro em espécie;124;5;0.04032258064516129;401;35;0.08728179551122195;0.46198156682027647;-4.695921486606066;0.3092269326683292;0.14285714285714285;434000.0
04_alto;BA;Alto patrimônio - imobiliário + societário com societário e financeiro;32;4;0.125;220;61;0.2772727272727273;0.45081967213114754;-15.227272727272728;0.14545454545454545;0.06557377049180328;1514106.52
02_medio_baixo;PE;Patrimônio médio-baixo - imobiliário concentrado com societário e dinheiro em espécie;32;1;0.03125;141;10;0.07092198581560284;0.440625;-3.967198581560284;0.22695035460992907;0.1;200000.0
04_alto;MG;Alto patrimônio - imobiliário + rural/agropecuário;73;5;0.0684931506849315;418;67;0.16028708133971292;0.4273154774074831;-9.179393065478141;0.17464114832535885;0.07462686567164178;1412955.51
04_alto;DF;Alto patrimônio - imobiliário + societário com societário e financeiro;28;1;0.03571428571428571;167;14;0.08383233532934131;0.4260204081632653;-4.81180496150556;0.16766467065868262;0.07142857142857142;1935729.75
02_medio_baixo;RJ;Patrimônio médio-baixo - imobiliário concentrado com societário e dinheiro em espécie;79;2;0.02531645569620253;300;18;0.06;0.4219409282700422;-3.468354430379747;0.2633333333333333;0.1111111111111111;193000.0
02_medio_baixo;AP;Patrimônio médio-baixo - imobiliário concentrado com veicular e societário;28;1;0.03571428571428571;82;7;0.08536585365853659;0.4183673469387755;-4.965156794425088;0.34146341463414637;0.14285714285714285;172500.0
03_medio_alto;CE;Patrimônio médio-alto - imobiliário concentrado com veicular e dinheiro em espécie;43;3;0.06976744186046512;131;22;0.16793893129770993;0.4154334038054968;-9.817148943724481;0.3282442748091603;0.13636363636363635;398586.37
03_medio_alto;ES;Patrimônio médio-alto - imobiliário concentrado com veicular e dinheiro em espécie;27;1;0.037037037037037035;122;11;0.09016393442622951;0.41077441077441074;-5.312689738919247;0.22131147540983606;0.09090909090909091;421000.0
02_medio_baixo;CE;Patrimônio médio-baixo - imobiliário concentrado com veicular e societário;46;1;0.021739130434782608;150;8;0.05333333333333334;0.4076086956521739;-3.1594202898550727;0.30666666666666664;0.125;203665.405
02_medio_baixo;ES;Patrimônio médio-baixo - imobiliário concentrado com veicular e societário;35;1;0.02857142857142857;114;8;0.07017543859649122;0.40714285714285714;-4.160401002506266;0.30701754385964913;0.125;204000.0
04_alto;SP;Alto patrimônio - imobiliário + rural/agropecuário;56;3;0.05357142857142857;669;89;0.13303437967115098;0.40268860353130015;-7.94629510997224;0.08370702541106129;0.033707865168539325;1571724.88
02_medio_baixo;PE;Patrimônio médio-baixo - imobiliário concentrado com veicular e societário;39;1;0.02564102564102564;141;10;0.07092198581560284;0.3615384615384615;-4.52809601745772;0.2765957446808511;0.1;210000.0
03_medio_alto;MG;Patrimônio médio-alto - imobiliário concentrado com societário e dinheiro em espécie;65;2;0.03076923076923077;401;35;0.08728179551122195;0.3525274725274725;-5.651256474199117;0.16209476309226933;0.05714285714285714;470000.0
01_baixo;RJ;Baixo patrimônio - veicular concentrado com rural/agropecuário e dinheiro em espécie;150;2;0.013333333333333334;510;20;0.0392156862745098;0.34;-2.5882352941176467;0.29411764705882354;0.1;30000.0
03_medio_alto;BA;Patrimônio médio-alto - imobiliário concentrado com veicular e dinheiro em espécie;58;2;0.034482758620689655;219;23;0.1050228310502283;0.32833583208395806;-7.054007242953865;0.2648401826484018;0.08695652173913043;409017.9
04_alto;PR;Alto patrimônio - imobiliário concentrado com veicular e outros ativos;31;2;0.06451612903225806;275;57;0.20727272727272728;0.311262026032824;-14.27565982404692;0.11272727272727273;0.03508771929824561;1012836.0
02_medio_baixo;BA;Patrimônio médio-baixo - imobiliário concentrado com veicular e societário;60;1;0.016666666666666666;217;12;0.055299539170506916;0.3013888888888889;-3.8632872503840248;0.2764976958525346;0.08333333333333333;197650.0
03_medio_alto;RO;Patrimônio médio-alto - imobiliário concentrado com veicular e dinheiro em espécie;28;1;0.03571428571428571;114;15;0.13157894736842105;0.2714285714285714;-9.586466165413533;0.24561403508771928;0.06666666666666667;422000.0
02_medio_baixo;BA;Patrimônio médio-baixo - imobiliário concentrado com societário e dinheiro em espécie;67;1;0.014925373134328358;217;12;0.055299539170506916;0.2699004975124378;-4.037416603617856;0.3087557603686636;0.08333333333333333;194500.0
03_medio_alto;MA;Patrimônio médio-alto - imobiliário concentrado com societário e dinheiro em espécie;37;1;0.02702702702702703;146;15;0.10273972602739725;0.2630630630630631;-7.571269900037023;0.2534246575342466;0.06666666666666667;450000.0
01_baixo;SP;Baixo patrimônio - veicular concentrado com rural/agropecuário e dinheiro em espécie;220;1;0.004545454545454545;745;13;0.0174496644295302;0.2604895104895105;-1.2904209884075655;0.2953020134228188;0.07692307692307693;25000.0
04_alto;MG;Alto patrimônio - imobiliário concentrado com veicular e outros ativos;74;3;0.04054054054054054;418;67;0.16028708133971292;0.2529245663574022;-11.974654079917238;0.17703349282296652;0.04477611940298507;1230172.5
02_medio_baixo;MG;Patrimônio médio-baixo - imobiliário concentrado com veicular e societário;111;1;0.009009009009009009;387;14;0.03617571059431524;0.24903474903474906;-2.7166701585306234;0.2868217054263566;0.07142857142857142;200000.0
02_medio_baixo;RS;Patrimônio médio-baixo - imobiliário concentrado com societário e dinheiro em espécie;51;1;0.0196078431372549;237;19;0.08016877637130802;0.24458204334365322;-6.056093323405312;0.21518987341772153;0.05263157894736842;180000.0
03_medio_alto;PE;Patrimônio médio-alto - imobiliário concentrado com veicular e dinheiro em espécie;32;1;0.03125;111;15;0.13513513513513514;0.23124999999999998;-10.388513513513514;0.2882882882882883;0.06666666666666667;500500.0
04_alto;SP;Alto patrimônio - imobiliário concentrado com veicular e outros ativos;67;2;0.029850746268656716;669;89;0.13303437967115098;0.22438369948012743;-10.318363340249427;0.10014947683109118;0.02247191011235955;1177446.94
04_alto;BA;Alto patrimônio - imobiliário concentrado com veicular e outros ativos;33;2;0.06060606060606061;220;61;0.2772727272727273;0.2185792349726776;-21.666666666666668;0.15;0.03278688524590164;1065948.0
04_alto;SC;Alto patrimônio - imobiliário concentrado com veicular e outros ativos;30;1;0.03333333333333333;203;34;0.16748768472906403;0.19901960784313727;-13.41543513957307;0.1477832512315271;0.029411764705882353;1032634.0
03_medio_alto;SP;Patrimônio médio-alto - imobiliário concentrado com veicular e dinheiro em espécie;135;2;0.014814814814814815;573;43;0.07504363001745201;0.1974160206718346;-6.02288152026372;0.2356020942408377;0.046511627906976744;450388.56
03_medio_alto;BA;Patrimônio médio-alto - imobiliário concentrado com societário e dinheiro em espécie;49;1;0.02040816326530612;219;23;0.1050228310502283;0.19432120674356698;-8.461466778492218;0.2237442922374429;0.043478260869565216;460000.0
03_medio_alto;SP;Patrimônio médio-alto - imobiliário + veicular com veicular e societário;69;1;0.014492753623188406;573;43;0.07504363001745201;0.19312436804853386;-6.05508763942636;0.12041884816753927;0.023255813953488372;462840.44
04_alto;RS;Alto patrimônio - imobiliário concentrado com veicular e outros ativos;30;1;0.03333333333333333;213;40;0.18779342723004694;0.17750000000000002;-15.446009389671362;0.14084507042253522;0.025;1013000.0
03_medio_alto;SP;Patrimônio médio-alto - imobiliário concentrado com societário e dinheiro em espécie;86;1;0.011627906976744186;573;43;0.07504363001745201;0.15494862087614925;-6.341572304070783;0.15008726003490402;0.023255813953488372;450000.0
01_baixo;BA;Baixo patrimônio - dinheiro em espécie concentrado;29;0;0.0;339;5;0.014749262536873156;0.0;-1.4749262536873156;0.0855457227138643;0.0;10000.0
02_medio_baixo;GO;Patrimônio médio-baixo - imobiliário concentrado com veicular e societário;65;0;0.0;189;3;0.015873015873015872;0.0;-1.5873015873015872;0.3439153439153439;0.0;194861.29
02_medio_baixo;GO;Patrimônio médio-baixo - imobiliário concentrado com societário e dinheiro em espécie;50;0;0.0;189;3;0.015873015873015872;0.0;-1.5873015873015872;0.26455026455026454;0.0;190000.0
01_baixo;SP;Baixo patrimônio - outros ativos diversificado;95;0;0.0;745;13;0.0174496644295302;0.0;-1.74496644295302;0.12751677852348994;0.0;1.0
01_baixo;SP;Baixo patrimônio - imobiliário concentrado;70;0;0.0;745;13;0.0174496644295302;0.0;-1.74496644295302;0.09395973154362416;0.0;56039.2
01_baixo;SP;Baixo patrimônio - imobiliário + veicular;38;0;0.0;745;13;0.0174496644295302;0.0;-1.74496644295302;0.05100671140939597;0.0;75833.33499999999
01_baixo;DF;Baixo patrimônio - veicular concentrado com rural/agropecuário e dinheiro em espécie;84;0;0.0;152;3;0.019736842105263157;0.0;-1.9736842105263157;0.5526315789473685;0.0;38000.0
01_baixo;RO;Baixo patrimônio - dinheiro em espécie concentrado;29;0;0.0;151;3;0.019867549668874173;0.0;-1.9867549668874174;0.19205298013245034;0.0;4500.0
01_baixo;RN;Baixo patrimônio - veicular concentrado com rural/agropecuário e dinheiro em espécie;51;0;0.0;144;3;0.020833333333333332;0.0;-2.083333333333333;0.3541666666666667;0.0;23000.0
01_baixo;CE;Baixo patrimônio - veicular concentrado com rural/agropecuário e dinheiro em espécie;95;0;0.0;190;4;0.021052631578947368;0.0;-2.1052631578947367;0.5;0.0;23900.0
01_baixo;CE;Baixo patrimônio - imobiliário concentrado;26;0;0.0;190;4;0.021052631578947368;0.0;-2.1052631578947367;0.1368421052631579;0.0;65000.0
01_baixo;PE;Baixo patrimônio - veicular concentrado com rural/agropecuário e dinheiro em espécie;94;0;0.0;193;5;0.025906735751295335;0.0;-2.5906735751295336;0.48704663212435234;0.0;35000.0
02_medio_baixo;PA;Patrimônio médio-baixo - imobiliário concentrado com societário e dinheiro em espécie;30;0;0.0;114;3;0.02631578947368421;0.0;-2.631578947368421;0.2631578947368421;0.0;200000.0
02_medio_baixo;PA;Patrimônio médio-baixo - imobiliário concentrado com veicular e societário;30;0;0.0;114;3;0.02631578947368421;0.0;-2.631578947368421;0.2631578947368421;0.0;174472.5
02_medio_baixo;SP;Patrimônio médio-baixo - imobiliário concentrado com societário e dinheiro em espécie;111;0;0.0;521;14;0.026871401151631478;0.0;-2.6871401151631478;0.21305182341650672;0.0;210000.0
02_medio_baixo;SP;Patrimônio médio-baixo - imobiliário concentrado com veicular e societário;106;0;0.0;521;14;0.026871401151631478;0.0;-2.6871401151631478;0.2034548944337812;0.0;194577.0
02_medio_baixo;SP;Patrimônio médio-baixo - societário + veicular;48;0;0.0;521;14;0.026871401151631478;0.0;-2.6871401151631478;0.09213051823416507;0.0;168150.675
02_medio_baixo;SP;Patrimônio médio-baixo - veicular concentrado;26;0;0.0;521;14;0.026871401151631478;0.0;-2.6871401151631478;0.04990403071017274;0.0;139699.23
01_baixo;MG;Baixo patrimônio - societário concentrado;25;0;0.0;441;12;0.027210884353741496;0.0;-2.7210884353741496;0.05668934240362812;0.0;15000.0
02_medio_baixo;PR;Patrimônio médio-baixo - imobiliário concentrado com veicular e societário;69;0;0.0;256;7;0.02734375;0.0;-2.734375;0.26953125;0.0;186373.3
02_medio_baixo;PR;Patrimônio médio-baixo - imobiliário concentrado com societário e dinheiro em espécie;62;0;0.0;256;7;0.02734375;0.0;-2.734375;0.2421875;0.0;200000.0
02_medio_baixo;MG;Patrimônio médio-baixo - imobiliário concentrado com societário e dinheiro em espécie;95;0;0.0;387;14;0.03617571059431524;0.0;-3.6175710594315245;0.2454780361757106;0.0;200000.0
02_medio_baixo;MG;Patrimônio médio-baixo - rural/agropecuário + imobiliário;30;0;0.0;387;14;0.03617571059431524;0.0;-3.6175710594315245;0.07751937984496124;0.0;201500.0
02_medio_baixo;AC;Patrimônio médio-baixo - imobiliário concentrado com veicular e societário;27;0;0.0;77;3;0.03896103896103896;0.0;-3.896103896103896;0.35064935064935066;0.0;225000.0
02_medio_baixo;DF;Patrimônio médio-baixo - imobiliário concentrado com veicular e societário;43;0;0.0;125;6;0.048;0.0;-4.8;0.344;0.0;217875.32
02_medio_baixo;RR;Patrimônio médio-baixo - imobiliário concentrado com veicular e societário;26;0;0.0;81;4;0.04938271604938271;0.0;-4.938271604938271;0.32098765432098764;0.0;205000.0
01_baixo;AL;Baixo patrimônio - veicular concentrado com rural/agropecuário e dinheiro em espécie;33;0;0.0;75;4;0.05333333333333334;0.0;-5.333333333333334;0.44;0.0;25000.0
02_medio_baixo;SE;Patrimônio médio-baixo - imobiliário concentrado com veicular e societário;31;0;0.0;93;5;0.053763440860215055;0.0;-5.376344086021505;0.3333333333333333;0.0;179000.0
02_medio_baixo;RJ;Patrimônio médio-baixo - imobiliário concentrado com veicular e societário;60;0;0.0;300;18;0.06;0.0;-6.0;0.2;0.0;209938.0
02_medio_baixo;RJ;Patrimônio médio-baixo - veicular concentrado;26;0;0.0;300;18;0.06;0.0;-6.0;0.08666666666666667;0.0;136100.0
01_baixo;AC;Baixo patrimônio - veicular concentrado com rural/agropecuário e dinheiro em espécie;51;0;0.0;83;5;0.060240963855421686;0.0;-6.024096385542169;0.6144578313253012;0.0;30000.0
01_baixo;AP;Baixo patrimônio - imobiliário concentrado;26;0;0.0;75;5;0.06666666666666667;0.0;-6.666666666666667;0.3466666666666667;0.0;58000.0
02_medio_baixo;AM;Patrimônio médio-baixo - imobiliário concentrado com societário e dinheiro em espécie;33;0;0.0;99;7;0.0707070707070707;0.0;-7.07070707070707;0.3333333333333333;0.0;200000.0
02_medio_baixo;AM;Patrimônio médio-baixo - imobiliário concentrado com veicular e societário;25;0;0.0;99;7;0.0707070707070707;0.0;-7.07070707070707;0.25252525252525254;0.0;172000.0
03_medio_alto;SC;Patrimônio médio-alto - imobiliário concentrado com societário e dinheiro em espécie;33;0;0.0;204;15;0.07352941176470588;0.0;-7.352941176470589;0.16176470588235295;0.0;450000.0
03_medio_alto;PR;Patrimônio médio-alto - imobiliário concentrado com veicular e dinheiro em espécie;65;0;0.0;236;18;0.07627118644067797;0.0;-7.627118644067797;0.2754237288135593;0.0;448000.0
03_medio_alto;RJ;Patrimônio médio-alto - imobiliário concentrado com veicular e dinheiro em espécie;76;0;0.0;303;27;0.0891089108910891;0.0;-8.91089108910891;0.2508250825082508;0.0;435000.0
03_medio_alto;GO;Patrimônio médio-alto - imobiliário concentrado com veicular e dinheiro em espécie;48;0;0.0;166;15;0.09036144578313253;0.0;-9.036144578313253;0.2891566265060241;0.0;452850.0
03_medio_alto;MT;Patrimônio médio-alto - imobiliário concentrado com veicular e dinheiro em espécie;32;0;0.0;99;9;0.09090909090909091;0.0;-9.090909090909092;0.32323232323232326;0.0;473000.0
03_medio_alto;PB;Patrimônio médio-alto - imobiliário concentrado com veicular e dinheiro em espécie;31;0;0.0;91;13;0.14285714285714285;0.0;-14.285714285714285;0.34065934065934067;0.0;440000.0
04_alto;RJ;Alto patrimônio - imobiliário concentrado com veicular e outros ativos;40;0;0.0;309;50;0.16181229773462782;0.0;-16.181229773462782;0.12944983818770225;0.0;1210000.0
