estrato;DS_CARGO;perfil_cluster;candidatos_cluster_cargo;eleitos_cluster_cargo;taxa_cluster_cargo;candidatos_estrato_cargo;eleitos_estrato_cargo;taxa_estrato_cargo;indice_vs_estrato_cargo;delta_pp_vs_estrato_cargo;participacao_candidatos_estrato_cargo;participacao_eleitos_estrato_cargo;patrimonio_mediano_cluster_cargo
02_medio_baixo;DEPUTADO FEDERAL;Patrimônio médio-baixo - imobiliário concentrado com financeiro e societário;119;16;0.13445378151260504;1431;49;0.03424178895877009;3.9265992111130164;10.021199255383495;0.08315863032844165;0.32653061224489793;192005.0
01_baixo;DEPUTADO ESTADUAL;Baixo patrimônio - financeiro concentrado;367;28;0.07629427792915532;3142;72;0.022915340547422024;3.3293975174084167;5.337893738173329;0.11680458306810948;0.3888888888888889;7045.18
02_medio_baixo;DEPUTADO ESTADUAL;Patrimônio médio-baixo - veicular + financeiro;204;32;0.1568627450980392;2497;119;0.04765718862635162;3.2914812984017137;10.920555647168758;0.0816980376451742;0.2689075630252101;172252.575
02_medio_baixo;DEPUTADO FEDERAL;Patrimônio médio-baixo - veicular + financeiro;121;11;0.09090909090909091;1431;49;0.03424178895877009;2.654916512059369;5.666730195032081;0.08455625436757512;0.22448979591836735;155463.12
03_medio_alto;DEPUTADO FEDERAL;Patrimônio médio-alto - veicular diversificado;151;27;0.17880794701986755;1522;110;0.07227332457293036;2.474051776038531;10.653462244693719;0.09921156373193167;0.24545454545454545;414884.0
03_medio_alto;DEPUTADO FEDERAL;Patrimônio médio-alto - imobiliário concentrado com financeiro e societário;157;27;0.17197452229299362;1522;110;0.07227332457293036;2.3795020266357843;9.970119772006326;0.10315374507227333;0.24545454545454545;509302.56
01_baixo;DEPUTADO FEDERAL;Baixo patrimônio - financeiro concentrado;280;12;0.04285714285714286;1935;39;0.020155038759689922;2.1263736263736264;2.2702104097452933;0.14470284237726097;0.3076923076923077;6375.135
02_medio_baixo;DEPUTADO ESTADUAL;Patrimônio médio-baixo - societário + veicular;188;19;0.10106382978723404;2497;119;0.04765718862635162;2.120641873770785;5.3406641160882415;0.07529034841810173;0.15966386554621848;170000.0
02_medio_baixo;DEPUTADO ESTADUAL;Patrimônio médio-baixo - imobiliário concentrado com financeiro e societário;149;15;0.10067114093959731;2497;119;0.04765718862635162;2.112402007782979;5.301395231324569;0.059671605927112535;0.12605042016806722;203000.0
02_medio_baixo;DEPUTADO FEDERAL;Patrimônio médio-baixo - imobiliário + veicular;145;10;0.06896551724137931;1431;49;0.03424178895877009;2.0140745953553836;3.4723728282609216;0.1013277428371768;0.20408163265306123;211139.66
03_medio_alto;DEPUTADO ESTADUAL;Patrimônio médio-alto - imobiliário concentrado com financeiro e societário;199;43;0.21608040201005024;2244;254;0.11319073083778966;1.908993787836822;10.288967117226058;0.08868092691622104;0.16929133858267717;481300.0
04_alto;DEPUTADO FEDERAL;Alto patrimônio - imobiliário diversificado com societário e créditos e direitos;197;57;0.2893401015228426;1811;282;0.15571507454445058;1.85813802786478;13.362502697839204;0.10877967973495306;0.20212765957446807;2756874.93
03_medio_alto;DEPUTADO ESTADUAL;Patrimônio médio-alto - veicular diversificado;214;42;0.19626168224299065;2244;254;0.11319073083778966;1.7339024210758702;8.307095140520099;0.09536541889483066;0.16535433070866143;428637.71499999997
01_baixo;DEPUTADO FEDERAL;Baixo patrimônio - veicular concentrado com financeiro e societário;147;5;0.034013605442176874;1935;39;0.020155038759689922;1.687598116169545;1.3858566682486952;0.07596899224806201;0.1282051282051282;50000.0
04_alto;DEPUTADO ESTADUAL;Alto patrimônio - imobiliário diversificado com societário e créditos e direitos;198;74;0.37373737373737376;2114;511;0.24172185430463577;1.546146395461464;13.201551943273799;0.09366130558183539;0.14481409001956946;2086149.1400000001
01_baixo;DEPUTADO ESTADUAL;Baixo patrimônio - societário concentrado;206;7;0.03398058252427184;3142;72;0.022915340547422024;1.4828748651564185;1.106524197684982;0.06556333545512412;0.09722222222222222;20264.555
04_alto;SENADOR;Alto patrimônio - imobiliário + societário com societário e financeiro;29;7;0.2413793103448276;102;17;0.16666666666666666;1.4482758620689657;7.471264367816094;0.28431372549019607;0.4117647058823529;1751667.0
03_medio_alto;DEPUTADO ESTADUAL;Patrimônio médio-alto - imobiliário + veicular com veicular e financeiro;342;55;0.1608187134502924;2244;254;0.11319073083778966;1.4207763503246305;4.762798261250273;0.15240641711229946;0.21653543307086615;473389.20999999996
01_baixo;DEPUTADO FEDERAL;Baixo patrimônio - societário concentrado;176;5;0.028409090909090908;1935;39;0.020155038759689922;1.409527972027972;0.8254052149400986;0.09095607235142118;0.1282051282051282;24046.295
01_baixo;DEPUTADO ESTADUAL;Baixo patrimônio - veicular concentrado com financeiro e societário;252;8;0.031746031746031744;3142;72;0.022915340547422024;1.3853615520282188;0.883069119860972;0.08020369191597708;0.1111111111111111;47524.880000000005
04_alto;DEPUTADO FEDERAL;Alto patrimônio - imobiliário + financeiro;274;55;0.20072992700729927;1811;282;0.15571507454445058;1.2890847440078688;4.50148524628487;0.15129762562120375;0.1950354609929078;1349952.395
04_alto;DEPUTADO ESTADUAL;Alto patrimônio - imobiliário diversificado com rural/agropecuário e societário;221;68;0.3076923076923077;2114;511;0.24172185430463577;1.2729188619599578;6.5970453387671935;0.10454115421002838;0.13307240704500978;1802344.72
01_baixo;DEPUTADO FEDERAL;Baixo patrimônio - imobiliário concentrado;234;6;0.02564102564102564;1935;39;0.020155038759689922;1.272189349112426;0.5485986881335718;0.12093023255813953;0.15384615384615385;61317.79
03_medio_alto;DEPUTADO DISTRITAL;Patrimônio médio-alto - imobiliário concentrado com veicular e dinheiro em espécie;42;3;0.07142857142857142;105;6;0.05714285714285714;1.25;1.4285714285714284;0.4;0.5;493750.0
03_medio_alto;DEPUTADO ESTADUAL;Patrimônio médio-alto - rural/agropecuário + imobiliário;239;32;0.13389121338912133;2244;254;0.11319073083778966;1.1828814285243632;2.070048255133167;0.10650623885918004;0.12598425196850394;511000.0
01_baixo;DEPUTADO ESTADUAL;Baixo patrimônio - dinheiro em espécie concentrado;222;6;0.02702702702702703;3142;72;0.022915340547422024;1.1794294294294294;0.41116864796050046;0.07065563335455124;0.08333333333333333;10000.0
04_alto;DEPUTADO FEDERAL;Alto patrimônio - imobiliário + societário com societário e financeiro;455;81;0.17802197802197803;1811;282;0.15571507454445058;1.143254617722703;2.230690347752745;0.25124240750966315;0.2872340425531915;1627500.0
04_alto;DEPUTADO ESTADUAL;Alto patrimônio - imobiliário + financeiro;332;91;0.2740963855421687;2114;511;0.24172185430463577;1.1339329922429444;3.2374531237532924;0.15704824976348156;0.1780821917808219;1184814.1099999999
04_alto;DEPUTADO DISTRITAL;Alto patrimônio - imobiliário concentrado com veicular e outros ativos;28;3;0.10714285714285714;95;9;0.09473684210526316;1.130952380952381;1.2406015037593976;0.29473684210526313;0.3333333333333333;1003000.0
03_medio_alto;DEPUTADO FEDERAL;Patrimônio médio-alto - imobiliário + veicular com veicular e financeiro;239;19;0.0794979079497908;1522;110;0.07227332457293036;1.099961962723469;0.7224583376860438;0.15703022339027595;0.17272727272727273;472376.83
01_baixo;DEPUTADO FEDERAL;Baixo patrimônio - imobiliário + veicular;94;2;0.02127659574468085;1935;39;0.020155038759689922;1.055646481178396;0.11215569849909283;0.04857881136950904;0.05128205128205128;71865.555
02_medio_baixo;DEPUTADO ESTADUAL;Patrimônio médio-baixo - imobiliário + veicular;282;14;0.04964539007092199;2497;119;0.04765718862635162;1.041718815185649;0.19882014445703686;0.11293552262715258;0.11764705882352941;207250.41499999998
02_medio_baixo;DEPUTADO ESTADUAL;Patrimônio médio-baixo - veicular concentrado;225;11;0.04888888888888889;2497;119;0.04765718862635162;1.0258450046685341;0.1231700262537272;0.09010812975570685;0.09243697478991597;148507.0
04_alto;DEPUTADO ESTADUAL;Alto patrimônio - imobiliário + societário com societário e financeiro;487;116;0.23819301848049282;2114;511;0.24172185430463577;0.9854012545357373;-0.3528835824142956;0.2303689687795648;0.22700587084148727;1426948.0
03_medio_alto;DEPUTADO ESTADUAL;Patrimônio médio-alto - imobiliário + veicular com veicular e societário;238;26;0.1092436974789916;2244;254;0.11319073083778966;0.9651293588301463;-0.3947033358798063;0.10606060606060606;0.10236220472440945;486672.86
02_medio_baixo;DEPUTADO ESTADUAL;Patrimônio médio-baixo - rural/agropecuário + imobiliário;131;6;0.04580152671755725;2497;119;0.04765718862635162;0.9610622875104241;-0.18556619087943677;0.05246295554665599;0.05042016806722689;195300.0
04_alto;DEPUTADO ESTADUAL;Alto patrimônio - imobiliário concentrado com financeiro e outros ativos;254;56;0.2204724409448819;2114;511;0.24172185430463577;0.9120914680185525;-2.1249413359753886;0.12015137180700095;0.1095890410958904;1200000.0
04_alto;DEPUTADO FEDERAL;Alto patrimônio - imobiliário diversificado com rural/agropecuário e societário;164;23;0.1402439024390244;1811;282;0.15571507454445058;0.9006443521882028;-1.5471172105426172;0.09055770292655992;0.08156028368794327;2125669.66
01_baixo;DEPUTADO ESTADUAL;Baixo patrimônio - imobiliário concentrado;455;9;0.01978021978021978;3142;72;0.022915340547422024;0.8631868131868131;-0.3135120767202244;0.14481222151495862;0.125;60000.0
04_alto;DEPUTADO FEDERAL;Alto patrimônio - imobiliário + rural/agropecuário;254;34;0.13385826771653545;1811;282;0.15571507454445058;0.8596358965767578;-2.185680682791513;0.14025400331308668;0.12056737588652482;1583950.0
02_medio_baixo;DEPUTADO FEDERAL;Patrimônio médio-baixo - rural/agropecuário + imobiliário;69;2;0.028985507246376812;1431;49;0.03424178895877009;0.8464951197870452;-0.5256281712393281;0.04821802935010482;0.04081632653061224;200574.72
04_alto;DEPUTADO ESTADUAL;Alto patrimônio - imobiliário + rural/agropecuário;325;64;0.19692307692307692;2114;511;0.24172185430463577;0.8146680716543729;-4.479877738155885;0.15373699148533584;0.12524461839530332;1435638.26
03_medio_alto;DEPUTADO FEDERAL;Patrimônio médio-alto - rural/agropecuário + imobiliário;146;8;0.0547945205479452;1522;110;0.07227332457293036;0.7581569115815691;-1.7478804024985153;0.09592641261498029;0.07272727272727272;493876.46
01_baixo;DEPUTADO FEDERAL;Baixo patrimônio - dinheiro em espécie concentrado;135;2;0.014814814814814815;1935;39;0.020155038759689922;0.7350427350427351;-0.5340223944875107;0.06976744186046512;0.05128205128205128;12500.0
04_alto;DEPUTADO FEDERAL;Alto patrimônio - imobiliário concentrado com financeiro e outros ativos;217;24;0.11059907834101383;1811;282;0.15571507454445058;0.7102657123247378;-4.511599620343675;0.11982330204307012;0.0851063829787234;1200000.0
03_medio_alto;DEPUTADO ESTADUAL;Patrimônio médio-alto - imobiliário concentrado com societário e dinheiro em espécie;362;26;0.0718232044198895;2244;254;0.11319073083778966;0.6345325618828033;-4.136752641790016;0.16131907308377896;0.10236220472440945;459032.605
04_alto;DEPUTADO ESTADUAL;Alto patrimônio - imobiliário concentrado com veicular e outros ativos;297;42;0.1414141414141414;2114;511;0.24172185430463577;0.5850283658502836;-10.030771289049436;0.14049195837275308;0.0821917808219178;1082694.0
03_medio_alto;DEPUTADO FEDERAL;Patrimônio médio-alto - imobiliário concentrado com societário e dinheiro em espécie;261;11;0.0421455938697318;1522;110;0.07227332457293036;0.5831417624521072;-3.0127730703198554;0.17148488830486203;0.1;450000.0
03_medio_alto;DEPUTADO FEDERAL;Patrimônio médio-alto - imobiliário concentrado com veicular e dinheiro em espécie;411;15;0.0364963503649635;1522;110;0.07227332457293036;0.5049767750497677;-3.5776974207966856;0.2700394218134034;0.13636363636363635;465000.0
02_medio_baixo;DEPUTADO FEDERAL;Patrimônio médio-baixo - veicular concentrado;121;2;0.01652892561983471;1431;49;0.03424178895877009;0.4827120931017035;-1.7712863338935383;0.08455625436757512;0.04081632653061224;146612.0
01_baixo;DEPUTADO ESTADUAL;Baixo patrimônio - veicular concentrado com rural/agropecuário e dinheiro em espécie;1318;14;0.010622154779969651;3142;72;0.022915340547422024;0.46353903220367565;-1.2293185767452373;0.4194780394653087;0.19444444444444445;29096.0
01_baixo;DEPUTADO FEDERAL;Baixo patrimônio - veicular concentrado com rural/agropecuário e dinheiro em espécie;760;7;0.009210526315789473;1935;39;0.020155038759689922;0.45698380566801616;-1.094451244390045;0.39276485788113696;0.1794871794871795;30792.5
02_medio_baixo;DEPUTADO ESTADUAL;Patrimônio médio-baixo - imobiliário concentrado com societário e dinheiro em espécie;619;13;0.0210016155088853;2497;119;0.04765718862635162;0.4406809573587109;-2.665557311746632;0.24789747697236683;0.1092436974789916;200000.0
03_medio_alto;DEPUTADO ESTADUAL;Patrimônio médio-alto - imobiliário concentrado com veicular e dinheiro em espécie;650;30;0.046153846153846156;2244;254;0.11319073083778966;0.40775287704421564;-6.7036884683943505;0.2896613190730838;0.11811023622047244;438027.26
02_medio_baixo;DEPUTADO FEDERAL;Patrimônio médio-baixo - imobiliário concentrado com veicular e societário;384;5;0.013020833333333334;1431;49;0.03424178895877009;0.3802614795918367;-2.122095562543676;0.26834381551362685;0.10204081632653061;194008.09
02_medio_baixo;DEPUTADO ESTADUAL;Patrimônio médio-baixo - imobiliário concentrado com veicular e societário;699;9;0.012875536480686695;2497;119;0.04765718862635162;0.27016987052331665;-3.4781652145664923;0.2799359231077293;0.07563025210084033;194000.0
03_medio_alto;DEPUTADO FEDERAL;Patrimônio médio-alto - imobiliário + veicular com veicular e societário;157;3;0.01910828025477707;1522;110;0.07227332457293036;0.2643891140706427;-5.316504431815329;0.10315374507227333;0.02727272727272727;493722.56
02_medio_baixo;DEPUTADO FEDERAL;Patrimônio médio-baixo - societário + veicular;118;1;0.00847457627118644;1431;49;0.03424178895877009;0.2474922172258734;-2.5767212687583654;0.08245981830887492;0.02040816326530612;161307.18
04_alto;DEPUTADO FEDERAL;Alto patrimônio - imobiliário concentrado com veicular e outros ativos;250;8;0.032;1811;282;0.15571507454445058;0.20550354609929078;-12.371507454445057;0.13804527885146328;0.028368794326241134;1160939.185
02_medio_baixo;DEPUTADO FEDERAL;Patrimônio médio-baixo - imobiliário concentrado com societário e dinheiro em espécie;354;2;0.005649717514124294;1431;49;0.03424178895877009;0.1649948114839156;-2.85920714446458;0.24737945492662475;0.04081632653061224;191601.04
01_baixo;DEPUTADO FEDERAL;Baixo patrimônio - outros ativos diversificado;109;0;0.0;1935;39;0.020155038759689922;0.0;-2.0155038759689923;0.056330749354005165;0.0;275.21
01_baixo;DEPUTADO ESTADUAL;Baixo patrimônio - imobiliário + veicular;193;0;0.0;3142;72;0.022915340547422024;0.0;-2.2915340547422023;0.06142584341183959;0.0;75000.0
01_baixo;DEPUTADO ESTADUAL;Baixo patrimônio - outros ativos diversificado;129;0;0.0;3142;72;0.022915340547422024;0.0;-2.2915340547422023;0.04105665181413113;0.0;10000.0
02_medio_baixo;DEPUTADO DISTRITAL;Patrimônio médio-baixo - imobiliário concentrado com veicular e societário;30;0;0.0;83;5;0.060240963855421686;0.0;-6.024096385542169;0.3614457831325301;0.0;219937.66
