perfil_cluster;DS_CARGO;candidatos_cluster_cargo;candidatos_cluster_total;candidatos_cargo;perc_cargo_no_cluster;perc_cluster_no_cargo
Alto patrimônio - imobiliário + financeiro;DEPUTADO ESTADUAL;332;677;10056;0.49039881831610044;0.0330151153540175
Alto patrimônio - imobiliário + financeiro;DEPUTADO FEDERAL;274;677;6772;0.40472673559822747;0.040460720614294156
Alto patrimônio - imobiliário + financeiro;DEPUTADO DISTRITAL;19;677;394;0.028064992614475627;0.048223350253807105
Alto patrimônio - imobiliário + financeiro;VICE-GOVERNADOR;13;677;189;0.019202363367799114;0.06878306878306878
Alto patrimônio - imobiliário + financeiro;GOVERNADOR;12;677;193;0.01772525849335303;0.06217616580310881
Alto patrimônio - imobiliário + financeiro;SENADOR;10;677;213;0.014771048744460856;0.046948356807511735
Alto patrimônio - imobiliário + financeiro;2º SUPLENTE;8;677;184;0.011816838995568686;0.043478260869565216
Alto patrimônio - imobiliário + financeiro;1º SUPLENTE;6;677;194;0.008862629246676515;0.030927835051546393
Alto patrimônio - imobiliário + financeiro;VICE-PRESIDENTE;2;677;11;0.0029542097488921715;0.18181818181818182
Alto patrimônio - imobiliário + financeiro;PRESIDENTE;1;677;13;0.0014771048744460858;0.07692307692307693
Alto patrimônio - imobiliário + rural/agropecuário;DEPUTADO ESTADUAL;325;636;10056;0.5110062893081762;0.03231901352426412
Alto patrimônio - imobiliário + rural/agropecuário;DEPUTADO FEDERAL;254;636;6772;0.39937106918238996;0.03750738334317779
Alto patrimônio - imobiliário + rural/agropecuário;DEPUTADO DISTRITAL;14;636;394;0.0220125786163522;0.03553299492385787
Alto patrimônio - imobiliário + rural/agropecuário;SENADOR;13;636;213;0.020440251572327043;0.06103286384976526
Alto patrimônio - imobiliário + rural/agropecuário;1º SUPLENTE;10;636;194;0.015723270440251572;0.05154639175257732
Alto patrimônio - imobiliário + rural/agropecuário;GOVERNADOR;9;636;193;0.014150943396226415;0.046632124352331605
Alto patrimônio - imobiliário + rural/agropecuário;2º SUPLENTE;5;636;184;0.007861635220125786;0.02717391304347826
Alto patrimônio - imobiliário + rural/agropecuário;VICE-GOVERNADOR;4;636;189;0.006289308176100629;0.021164021164021163
Alto patrimônio - imobiliário + rural/agropecuário;PRESIDENTE;1;636;13;0.0015723270440251573;0.07692307692307693
Alto patrimônio - imobiliário + rural/agropecuário;VICE-PRESIDENTE;1;636;11;0.0015723270440251573;0.09090909090909091
Alto patrimônio - imobiliário + societário com societário e financeiro;DEPUTADO ESTADUAL;487;1060;10056;0.45943396226415095;0.04842879872712808
Alto patrimônio - imobiliário + societário com societário e financeiro;DEPUTADO FEDERAL;455;1060;6772;0.42924528301886794;0.06718842291789723
Alto patrimônio - imobiliário + societário com societário e financeiro;SENADOR;29;1060;213;0.027358490566037737;0.13615023474178403
Alto patrimônio - imobiliário + societário com societário e financeiro;GOVERNADOR;20;1060;193;0.018867924528301886;0.10362694300518134
Alto patrimônio - imobiliário + societário com societário e financeiro;2º SUPLENTE;17;1060;184;0.016037735849056604;0.09239130434782608
Alto patrimônio - imobiliário + societário com societário e financeiro;DEPUTADO DISTRITAL;17;1060;394;0.016037735849056604;0.04314720812182741
Alto patrimônio - imobiliário + societário com societário e financeiro;VICE-GOVERNADOR;17;1060;189;0.016037735849056604;0.08994708994708994
Alto patrimônio - imobiliário + societário com societário e financeiro;1º SUPLENTE;16;1060;194;0.01509433962264151;0.08247422680412371
Alto patrimônio - imobiliário + societário com societário e financeiro;PRESIDENTE;1;1060;13;0.0009433962264150943;0.07692307692307693
Alto patrimônio - imobiliário + societário com societário e financeiro;VICE-PRESIDENTE;1;1060;11;0.0009433962264150943;0.09090909090909091
Alto patrimônio - imobiliário concentrado com financeiro e outros ativos;DEPUTADO ESTADUAL;254;511;10056;0.49706457925636005;0.025258552108194113
Alto patrimônio - imobiliário concentrado com financeiro e outros ativos;DEPUTADO FEDERAL;217;511;6772;0.4246575342465753;0.032043709391612524
Alto patrimônio - imobiliário concentrado com financeiro e outros ativos;DEPUTADO DISTRITAL;9;511;394;0.01761252446183953;0.02284263959390863
Alto patrimônio - imobiliário concentrado com financeiro e outros ativos;SENADOR;9;511;213;0.01761252446183953;0.04225352112676056
Alto patrimônio - imobiliário concentrado com financeiro e outros ativos;GOVERNADOR;8;511;193;0.015655577299412915;0.04145077720207254
Alto patrimônio - imobiliário concentrado com financeiro e outros ativos;2º SUPLENTE;6;511;184;0.011741682974559686;0.03260869565217391
Alto patrimônio - imobiliário concentrado com financeiro e outros ativos;1º SUPLENTE;5;511;194;0.009784735812133072;0.02577319587628866
Alto patrimônio - imobiliário concentrado com financeiro e outros ativos;VICE-GOVERNADOR;2;511;189;0.003913894324853229;0.010582010582010581
Alto patrimônio - imobiliário concentrado com financeiro e outros ativos;VICE-PRESIDENTE;1;511;11;0.0019569471624266144;0.09090909090909091
Alto patrimônio - imobiliário concentrado com veicular e outros ativos;DEPUTADO ESTADUAL;297;600;10056;0.495;0.029534606205250596
Alto patrimônio - imobiliário concentrado com veicular e outros ativos;DEPUTADO FEDERAL;250;600;6772;0.4166666666666667;0.03691671588895452
Alto patrimônio - imobiliário concentrado com veicular e outros ativos;DEPUTADO DISTRITAL;28;600;394;0.04666666666666667;0.07106598984771574
Alto patrimônio - imobiliário concentrado com veicular e outros ativos;SENADOR;6;600;213;0.01;0.028169014084507043
Alto patrimônio - imobiliário concentrado com veicular e outros ativos;1º SUPLENTE;5;600;194;0.008333333333333333;0.02577319587628866
Alto patrimônio - imobiliário concentrado com veicular e outros ativos;2º SUPLENTE;5;600;184;0.008333333333333333;0.02717391304347826
Alto patrimônio - imobiliário concentrado com veicular e outros ativos;VICE-GOVERNADOR;5;600;189;0.008333333333333333;0.026455026455026454
Alto patrimônio - imobiliário concentrado com veicular e outros ativos;GOVERNADOR;4;600;193;0.006666666666666667;0.02072538860103627
Alto patrimônio - imobiliário diversificado com rural/agropecuário e societário;DEPUTADO ESTADUAL;221;452;10056;0.4889380530973451;0.0219769291964996
Alto patrimônio - imobiliário diversificado com rural/agropecuário e societário;DEPUTADO FEDERAL;164;452;6772;0.36283185840707965;0.024217365623154165
Alto patrimônio - imobiliário diversificado com rural/agropecuário e societário;SENADOR;19;452;213;0.0420353982300885;0.0892018779342723
Alto patrimônio - imobiliário diversificado com rural/agropecuário e societário;VICE-GOVERNADOR;15;452;189;0.033185840707964605;0.07936507936507936
Alto patrimônio - imobiliário diversificado com rural/agropecuário e societário;1º SUPLENTE;11;452;194;0.024336283185840708;0.05670103092783505
Alto patrimônio - imobiliário diversificado com rural/agropecuário e societário;GOVERNADOR;8;452;193;0.017699115044247787;0.04145077720207254
Alto patrimônio - imobiliário diversificado com rural/agropecuário e societário;2º SUPLENTE;7;452;184;0.015486725663716814;0.03804347826086957
Alto patrimônio - imobiliário diversificado com rural/agropecuário e societário;DEPUTADO DISTRITAL;7;452;394;0.015486725663716814;0.017766497461928935
Alto patrimônio - imobiliário diversificado com societário e créditos e direitos;DEPUTADO ESTADUAL;198;474;10056;0.4177215189873418;0.019689737470167064
Alto patrimônio - imobiliário diversificado com societário e créditos e direitos;DEPUTADO FEDERAL;197;474;6772;0.41561181434599154;0.02909037212049616
Alto patrimônio - imobiliário diversificado com societário e créditos e direitos;GOVERNADOR;20;474;193;0.04219409282700422;0.10362694300518134
Alto patrimônio - imobiliário diversificado com societário e créditos e direitos;SENADOR;16;474;213;0.03375527426160337;0.07511737089201878
Alto patrimônio - imobiliário diversificado com societário e créditos e direitos;1º SUPLENTE;13;474;194;0.027426160337552744;0.06701030927835051
Alto patrimônio - imobiliário diversificado com societário e créditos e direitos;VICE-GOVERNADOR;13;474;189;0.027426160337552744;0.06878306878306878
Alto patrimônio - imobiliário diversificado com societário e créditos e direitos;2º SUPLENTE;12;474;184;0.02531645569620253;0.06521739130434782
Alto patrimônio - imobiliário diversificado com societário e créditos e direitos;PRESIDENTE;3;474;13;0.006329113924050633;0.23076923076923078
Alto patrimônio - imobiliário diversificado com societário e créditos e direitos;DEPUTADO DISTRITAL;1;474;394;0.002109704641350211;0.0025380710659898475
Alto patrimônio - imobiliário diversificado com societário e créditos e direitos;VICE-PRESIDENTE;1;474;11;0.002109704641350211;0.09090909090909091
Baixo patrimônio - dinheiro em espécie concentrado;DEPUTADO ESTADUAL;222;364;10056;0.6098901098901099;0.0220763723150358
Baixo patrimônio - dinheiro em espécie concentrado;DEPUTADO FEDERAL;135;364;6772;0.3708791208791209;0.01993502658003544
Baixo patrimônio - dinheiro em espécie concentrado;1º SUPLENTE;2;364;194;0.005494505494505495;0.010309278350515464
Baixo patrimônio - dinheiro em espécie concentrado;DEPUTADO DISTRITAL;2;364;394;0.005494505494505495;0.005076142131979695
Baixo patrimônio - dinheiro em espécie concentrado;GOVERNADOR;2;364;193;0.005494505494505495;0.010362694300518135
Baixo patrimônio - dinheiro em espécie concentrado;VICE-GOVERNADOR;1;364;189;0.0027472527472527475;0.005291005291005291
Baixo patrimônio - financeiro concentrado;DEPUTADO ESTADUAL;367;690;10056;0.5318840579710145;0.03649562450278441
Baixo patrimônio - financeiro concentrado;DEPUTADO FEDERAL;280;690;6772;0.4057971014492754;0.04134672179562906
Baixo patrimônio - financeiro concentrado;DEPUTADO DISTRITAL;9;690;394;0.013043478260869565;0.02284263959390863
Baixo patrimônio - financeiro concentrado;GOVERNADOR;9;690;193;0.013043478260869565;0.046632124352331605
Baixo patrimônio - financeiro concentrado;VICE-GOVERNADOR;9;690;189;0.013043478260869565;0.047619047619047616
Baixo patrimônio - financeiro concentrado;2º SUPLENTE;4;690;184;0.005797101449275362;0.021739130434782608
Baixo patrimônio - financeiro concentrado;1º SUPLENTE;3;690;194;0.004347826086956522;0.015463917525773196
Baixo patrimônio - financeiro concentrado;PRESIDENTE;3;690;13;0.004347826086956522;0.23076923076923078
Baixo patrimônio - financeiro concentrado;SENADOR;3;690;213;0.004347826086956522;0.014084507042253521
Baixo patrimônio - financeiro concentrado;VICE-PRESIDENTE;3;690;11;0.004347826086956522;0.2727272727272727
Baixo patrimônio - imobiliário + veicular;DEPUTADO ESTADUAL;193;306;10056;0.630718954248366;0.019192521877486077
Baixo patrimônio - imobiliário + veicular;DEPUTADO FEDERAL;94;306;6772;0.30718954248366015;0.013880685174246898
Baixo patrimônio - imobiliário + veicular;1º SUPLENTE;7;306;194;0.02287581699346405;0.03608247422680412
Baixo patrimônio - imobiliário + veicular;2º SUPLENTE;5;306;184;0.016339869281045753;0.02717391304347826
Baixo patrimônio - imobiliário + veicular;VICE-GOVERNADOR;3;306;189;0.00980392156862745;0.015873015873015872
Baixo patrimônio - imobiliário + veicular;DEPUTADO DISTRITAL;2;306;394;0.006535947712418301;0.005076142131979695
Baixo patrimônio - imobiliário + veicular;GOVERNADOR;1;306;193;0.0032679738562091504;0.0051813471502590676
Baixo patrimônio - imobiliário + veicular;SENADOR;1;306;213;0.0032679738562091504;0.004694835680751174
Baixo patrimônio - imobiliário concentrado;DEPUTADO ESTADUAL;455;718;10056;0.6337047353760445;0.04524661893396977
Baixo patrimônio - imobiliário concentrado;DEPUTADO FEDERAL;234;718;6772;0.32590529247910865;0.03455404607206143
Baixo patrimônio - imobiliário concentrado;VICE-GOVERNADOR;7;718;189;0.009749303621169917;0.037037037037037035
Baixo patrimônio - imobiliário concentrado;2º SUPLENTE;6;718;184;0.008356545961002786;0.03260869565217391
Baixo patrimônio - imobiliário concentrado;DEPUTADO DISTRITAL;6;718;394;0.008356545961002786;0.015228426395939087
Baixo patrimônio - imobiliário concentrado;1º SUPLENTE;5;718;194;0.006963788300835654;0.02577319587628866
Baixo patrimônio - imobiliário concentrado;GOVERNADOR;4;718;193;0.005571030640668524;0.02072538860103627
Baixo patrimônio - imobiliário concentrado;SENADOR;1;718;213;0.001392757660167131;0.004694835680751174
Baixo patrimônio - outros ativos diversificado;DEPUTADO ESTADUAL;129;258;10056;0.5;0.01282816229116945
Baixo patrimônio - outros ativos diversificado;DEPUTADO FEDERAL;109;258;6772;0.42248062015503873;0.01609568812758417
Baixo patrimônio - outros ativos diversificado;DEPUTADO DISTRITAL;6;258;394;0.023255813953488372;0.015228426395939087
Baixo patrimônio - outros ativos diversificado;2º SUPLENTE;5;258;184;0.01937984496124031;0.02717391304347826
Baixo patrimônio - outros ativos diversificado;VICE-GOVERNADOR;5;258;189;0.01937984496124031;0.026455026455026454
Baixo patrimônio - outros ativos diversificado;GOVERNADOR;3;258;193;0.011627906976744186;0.015544041450777202
Baixo patrimônio - outros ativos diversificado;SENADOR;1;258;213;0.003875968992248062;0.004694835680751174
Baixo patrimônio - societário concentrado;DEPUTADO ESTADUAL;206;411;10056;0.5012165450121655;0.02048528241845664
Baixo patrimônio - societário concentrado;DEPUTADO FEDERAL;176;411;6772;0.4282238442822384;0.02598936798582398
Baixo patrimônio - societário concentrado;DEPUTADO DISTRITAL;16;411;394;0.038929440389294405;0.04060913705583756
Baixo patrimônio - societário concentrado;1º SUPLENTE;4;411;194;0.009732360097323601;0.020618556701030927
Baixo patrimônio - societário concentrado;2º SUPLENTE;4;411;184;0.009732360097323601;0.021739130434782608
Baixo patrimônio - societário concentrado;SENADOR;4;411;213;0.009732360097323601;0.018779342723004695
Baixo patrimônio - societário concentrado;GOVERNADOR;1;411;193;0.0024330900243309003;0.0051813471502590676
Baixo patrimônio - veicular concentrado com financeiro e societário;DEPUTADO ESTADUAL;252;427;10056;0.5901639344262295;0.025059665871121718
Baixo patrimônio - veicular concentrado com financeiro e societário;DEPUTADO FEDERAL;147;427;6772;0.3442622950819672;0.021707028942705257
Baixo patrimônio - veicular concentrado com financeiro e societário;DEPUTADO DISTRITAL;9;427;394;0.02107728337236534;0.02284263959390863
Baixo patrimônio - veicular concentrado com financeiro e societário;VICE-GOVERNADOR;7;427;189;0.01639344262295082;0.037037037037037035
Baixo patrimônio - veicular concentrado com financeiro e societário;SENADOR;5;427;213;0.0117096018735363;0.023474178403755867
Baixo patrimônio - veicular concentrado com financeiro e societário;2º SUPLENTE;3;427;184;0.00702576112412178;0.016304347826086956
Baixo patrimônio - veicular concentrado com financeiro e societário;1º SUPLENTE;2;427;194;0.00468384074941452;0.010309278350515464
Baixo patrimônio - veicular concentrado com financeiro e societário;GOVERNADOR;1;427;193;0.00234192037470726;0.0051813471502590676
Baixo patrimônio - veicular concentrado com financeiro e societário;VICE-PRESIDENTE;1;427;11;0.00234192037470726;0.09090909090909091
Baixo patrimônio - veicular concentrado com rural/agropecuário e dinheiro em espécie;DEPUTADO ESTADUAL;1318;2191;10056;0.6015518028297581;0.13106603023070804
Baixo patrimônio - veicular concentrado com rural/agropecuário e dinheiro em espécie;DEPUTADO FEDERAL;760;2191;6772;0.34687357371063443;0.11222681630242173
Baixo patrimônio - veicular concentrado com rural/agropecuário e dinheiro em espécie;DEPUTADO DISTRITAL;60;2191;394;0.02738475581926061;0.15228426395939088
Baixo patrimônio - veicular concentrado com rural/agropecuário e dinheiro em espécie;VICE-GOVERNADOR;17;2191;189;0.007759014148790507;0.08994708994708994
Baixo patrimônio - veicular concentrado com rural/agropecuário e dinheiro em espécie;2º SUPLENTE;11;2191;184;0.005020538566864446;0.059782608695652176
Baixo patrimônio - veicular concentrado com rural/agropecuário e dinheiro em espécie;1º SUPLENTE;10;2191;194;0.004564125969876769;0.05154639175257732
Baixo patrimônio - veicular concentrado com rural/agropecuário e dinheiro em espécie;GOVERNADOR;10;2191;193;0.004564125969876769;0.05181347150259067
Baixo patrimônio - veicular concentrado com rural/agropecuário e dinheiro em espécie;SENADOR;5;2191;213;0.0022820629849383844;0.023474178403755867
Patrimônio médio-alto - imobiliário + veicular com veicular e financeiro;DEPUTADO ESTADUAL;342;620;10056;0.5516129032258065;0.03400954653937947
Patrimônio médio-alto - imobiliário + veicular com veicular e financeiro;DEPUTADO FEDERAL;239;620;6772;0.38548387096774195;0.03529238038984052
Patrimônio médio-alto - imobiliário + veicular com veicular e financeiro;DEPUTADO DISTRITAL;13;620;394;0.020967741935483872;0.03299492385786802
Patrimônio médio-alto - imobiliário + veicular com veicular e financeiro;GOVERNADOR;10;620;193;0.016129032258064516;0.05181347150259067
Patrimônio médio-alto - imobiliário + veicular com veicular e financeiro;2º SUPLENTE;5;620;184;0.008064516129032258;0.02717391304347826
Patrimônio médio-alto - imobiliário + veicular com veicular e financeiro;1º SUPLENTE;4;620;194;0.0064516129032258064;0.020618556701030927
Patrimônio médio-alto - imobiliário + veicular com veicular e financeiro;SENADOR;4;620;213;0.0064516129032258064;0.018779342723004695
Patrimônio médio-alto - imobiliário + veicular com veicular e financeiro;VICE-GOVERNADOR;3;620;189;0.004838709677419355;0.015873015873015872
Patrimônio médio-alto - imobiliário + veicular com veicular e societário;DEPUTADO ESTADUAL;238;427;10056;0.5573770491803278;0.023667462211614955
Patrimônio médio-alto - imobiliário + veicular com veicular e societário;DEPUTADO FEDERAL;157;427;6772;0.36768149882903983;0.023183697578263437
Patrimônio médio-alto - imobiliário + veicular com veicular e societário;DEPUTADO DISTRITAL;9;427;394;0.02107728337236534;0.02284263959390863
Patrimônio médio-alto - imobiliário + veicular com veicular e societário;2º SUPLENTE;8;427;184;0.01873536299765808;0.043478260869565216
Patrimônio médio-alto - imobiliário + veicular com veicular e societário;VICE-GOVERNADOR;8;427;189;0.01873536299765808;0.042328042328042326
Patrimônio médio-alto - imobiliário + veicular com veicular e societário;SENADOR;6;427;213;0.01405152224824356;0.028169014084507043
Patrimônio médio-alto - imobiliário + veicular com veicular e societário;GOVERNADOR;1;427;193;0.00234192037470726;0.0051813471502590676
Patrimônio médio-alto - imobiliário concentrado com financeiro e societário;DEPUTADO ESTADUAL;199;392;10056;0.5076530612244898;0.019789180588703263
Patrimônio médio-alto - imobiliário concentrado com financeiro e societário;DEPUTADO FEDERAL;157;392;6772;0.4005102040816326;0.023183697578263437
Patrimônio médio-alto - imobiliário concentrado com financeiro e societário;SENADOR;12;392;213;0.030612244897959183;0.056338028169014086
Patrimônio médio-alto - imobiliário concentrado com financeiro e societário;DEPUTADO DISTRITAL;7;392;394;0.017857142857142856;0.017766497461928935
Patrimônio médio-alto - imobiliário concentrado com financeiro e societário;2º SUPLENTE;5;392;184;0.012755102040816327;0.02717391304347826
Patrimônio médio-alto - imobiliário concentrado com financeiro e societário;1º SUPLENTE;4;392;194;0.01020408163265306;0.020618556701030927
Patrimônio médio-alto - imobiliário concentrado com financeiro e societário;GOVERNADOR;4;392;193;0.01020408163265306;0.02072538860103627
Patrimônio médio-alto - imobiliário concentrado com financeiro e societário;VICE-GOVERNADOR;3;392;189;0.007653061224489796;0.015873015873015872
Patrimônio médio-alto - imobiliário concentrado com financeiro e societário;PRESIDENTE;1;392;13;0.002551020408163265;0.07692307692307693
Patrimônio médio-alto - imobiliário concentrado com societário e dinheiro em espécie;DEPUTADO ESTADUAL;362;670;10056;0.5402985074626866;0.03599840891010342
Patrimônio médio-alto - imobiliário concentrado com societário e dinheiro em espécie;DEPUTADO FEDERAL;261;670;6772;0.3895522388059702;0.038541051388068515
Patrimônio médio-alto - imobiliário concentrado com societário e dinheiro em espécie;DEPUTADO DISTRITAL;16;670;394;0.023880597014925373;0.04060913705583756
Patrimônio médio-alto - imobiliário concentrado com societário e dinheiro em espécie;GOVERNADOR;7;670;193;0.010447761194029851;0.03626943005181347
Patrimônio médio-alto - imobiliário concentrado com societário e dinheiro em espécie;SENADOR;7;670;213;0.010447761194029851;0.03286384976525822
Patrimônio médio-alto - imobiliário concentrado com societário e dinheiro em espécie;1º SUPLENTE;6;670;194;0.008955223880597015;0.030927835051546393
Patrimônio médio-alto - imobiliário concentrado com societário e dinheiro em espécie;2º SUPLENTE;6;670;184;0.008955223880597015;0.03260869565217391
Patrimônio médio-alto - imobiliário concentrado com societário e dinheiro em espécie;VICE-GOVERNADOR;5;670;189;0.007462686567164179;0.026455026455026454
Patrimônio médio-alto - imobiliário concentrado com veicular e dinheiro em espécie;DEPUTADO ESTADUAL;650;1152;10056;0.5642361111111112;0.06463802704852824
Patrimônio médio-alto - imobiliário concentrado com veicular e dinheiro em espécie;DEPUTADO FEDERAL;411;1152;6772;0.3567708333333333;0.06069108092144123
Patrimônio médio-alto - imobiliário concentrado com veicular e dinheiro em espécie;DEPUTADO DISTRITAL;42;1152;394;0.036458333333333336;0.1065989847715736
Patrimônio médio-alto - imobiliário concentrado com veicular e dinheiro em espécie;1º SUPLENTE;14;1152;194;0.012152777777777778;0.07216494845360824
Patrimônio médio-alto - imobiliário concentrado com veicular e dinheiro em espécie;GOVERNADOR;11;1152;193;0.009548611111111112;0.05699481865284974
Patrimônio médio-alto - imobiliário concentrado com veicular e dinheiro em espécie;SENADOR;10;1152;213;0.008680555555555556;0.046948356807511735
Patrimônio médio-alto - imobiliário concentrado com veicular e dinheiro em espécie;2º SUPLENTE;7;1152;184;0.006076388888888889;0.03804347826086957
Patrimônio médio-alto - imobiliário concentrado com veicular e dinheiro em espécie;VICE-GOVERNADOR;7;1152;189;0.006076388888888889;0.037037037037037035
Patrimônio médio-alto - rural/agropecuário + imobiliário;DEPUTADO ESTADUAL;239;410;10056;0.5829268292682926;0.023766905330151154
Patrimônio médio-alto - rural/agropecuário + imobiliário;DEPUTADO FEDERAL;146;410;6772;0.35609756097560974;0.02155936207914944
Patrimônio médio-alto - rural/agropecuário + imobiliário;DEPUTADO DISTRITAL;9;410;394;0.02195121951219512;0.02284263959390863
Patrimônio médio-alto - rural/agropecuário + imobiliário;2º SUPLENTE;6;410;184;0.014634146341463415;0.03260869565217391
Patrimônio médio-alto - rural/agropecuário + imobiliário;1º SUPLENTE;5;410;194;0.012195121951219513;0.02577319587628866
Patrimônio médio-alto - rural/agropecuário + imobiliário;GOVERNADOR;2;410;193;0.004878048780487805;0.010362694300518135
Patrimônio médio-alto - rural/agropecuário + imobiliário;SENADOR;2;410;213;0.004878048780487805;0.009389671361502348
Patrimônio médio-alto - rural/agropecuário + imobiliário;VICE-GOVERNADOR;1;410;189;0.0024390243902439024;0.005291005291005291
Patrimônio médio-alto - veicular diversificado;DEPUTADO ESTADUAL;214;398;10056;0.5376884422110553;0.021280827366746222
Patrimônio médio-alto - veicular diversificado;DEPUTADO FEDERAL;151;398;6772;0.3793969849246231;0.02229769639692853
Patrimônio médio-alto - veicular diversificado;DEPUTADO DISTRITAL;9;398;394;0.022613065326633167;0.02284263959390863
Patrimônio médio-alto - veicular diversificado;SENADOR;9;398;213;0.022613065326633167;0.04225352112676056
Patrimônio médio-alto - veicular diversificado;VICE-GOVERNADOR;5;398;189;0.01256281407035176;0.026455026455026454
Patrimônio médio-alto - veicular diversificado;1º SUPLENTE;4;398;194;0.010050251256281407;0.020618556701030927
Patrimônio médio-alto - veicular diversificado;2º SUPLENTE;4;398;184;0.010050251256281407;0.021739130434782608
Patrimônio médio-alto - veicular diversificado;GOVERNADOR;1;398;193;0.002512562814070352;0.0051813471502590676
Patrimônio médio-alto - veicular diversificado;PRESIDENTE;1;398;13;0.002512562814070352;0.07692307692307693
Patrimônio médio-baixo - imobiliário + veicular;DEPUTADO ESTADUAL;282;443;10056;0.636568848758465;0.028042959427207637
Patrimônio médio-baixo - imobiliário + veicular;DEPUTADO FEDERAL;145;443;6772;0.327313769751693;0.02141169521559362
Patrimônio médio-baixo - imobiliário + veicular;1º SUPLENTE;4;443;194;0.009029345372460496;0.020618556701030927
Patrimônio médio-baixo - imobiliário + veicular;DEPUTADO DISTRITAL;4;443;394;0.009029345372460496;0.01015228426395939
Patrimônio médio-baixo - imobiliário + veicular;SENADOR;3;443;213;0.006772009029345372;0.014084507042253521
Patrimônio médio-baixo - imobiliário + veicular;2º SUPLENTE;2;443;184;0.004514672686230248;0.010869565217391304
Patrimônio médio-baixo - imobiliário + veicular;VICE-GOVERNADOR;2;443;189;0.004514672686230248;0.010582010582010581
Patrimônio médio-baixo - imobiliário + veicular;GOVERNADOR;1;443;193;0.002257336343115124;0.0051813471502590676
Patrimônio médio-baixo - imobiliário concentrado com financeiro e societário;DEPUTADO ESTADUAL;149;289;10056;0.5155709342560554;0.014817024661893398
Patrimônio médio-baixo - imobiliário concentrado com financeiro e societário;DEPUTADO FEDERAL;119;289;6772;0.4117647058823529;0.017572356763142352
Patrimônio médio-baixo - imobiliário concentrado com financeiro e societário;GOVERNADOR;7;289;193;0.02422145328719723;0.03626943005181347
Patrimônio médio-baixo - imobiliário concentrado com financeiro e societário;SENADOR;4;289;213;0.01384083044982699;0.018779342723004695
Patrimônio médio-baixo - imobiliário concentrado com financeiro e societário;1º SUPLENTE;3;289;194;0.010380622837370242;0.015463917525773196
Patrimônio médio-baixo - imobiliário concentrado com financeiro e societário;2º SUPLENTE;2;289;184;0.006920415224913495;0.010869565217391304
Patrimônio médio-baixo - imobiliário concentrado com financeiro e societário;DEPUTADO DISTRITAL;2;289;394;0.006920415224913495;0.005076142131979695
Patrimônio médio-baixo - imobiliário concentrado com financeiro e societário;VICE-GOVERNADOR;2;289;189;0.006920415224913495;0.010582010582010581
Patrimônio médio-baixo - imobiliário concentrado com financeiro e societário;VICE-PRESIDENTE;1;289;11;0.0034602076124567475;0.09090909090909091
Patrimônio médio-baixo - imobiliário concentrado com societário e dinheiro em espécie;DEPUTADO ESTADUAL;619;1033;10056;0.5992255566311714;0.06155529037390613
Patrimônio médio-baixo - imobiliário concentrado com societário e dinheiro em espécie;DEPUTADO FEDERAL;354;1033;6772;0.3426911907066796;0.0522740696987596
Patrimônio médio-baixo - imobiliário concentrado com societário e dinheiro em espécie;DEPUTADO DISTRITAL;15;1033;394;0.01452081316553727;0.03807106598984772
Patrimônio médio-baixo - imobiliário concentrado com societário e dinheiro em espécie;VICE-GOVERNADOR;14;1033;189;0.013552758954501452;0.07407407407407407
Patrimônio médio-baixo - imobiliário concentrado com societário e dinheiro em espécie;2º SUPLENTE;10;1033;184;0.00968054211035818;0.05434782608695652
Patrimônio médio-baixo - imobiliário concentrado com societário e dinheiro em espécie;1º SUPLENTE;7;1033;194;0.006776379477250726;0.03608247422680412
Patrimônio médio-baixo - imobiliário concentrado com societário e dinheiro em espécie;GOVERNADOR;7;1033;193;0.006776379477250726;0.03626943005181347
Patrimônio médio-baixo - imobiliário concentrado com societário e dinheiro em espécie;SENADOR;7;1033;213;0.006776379477250726;0.03286384976525822
Patrimônio médio-baixo - imobiliário concentrado com veicular e societário;DEPUTADO ESTADUAL;699;1154;10056;0.6057192374350087;0.06951073985680191
Patrimônio médio-baixo - imobiliário concentrado com veicular e societário;DEPUTADO FEDERAL;384;1154;6772;0.3327556325823224;0.05670407560543414
Patrimônio médio-baixo - imobiliário concentrado com veicular e societário;DEPUTADO DISTRITAL;30;1154;394;0.025996533795493933;0.07614213197969544
Patrimônio médio-baixo - imobiliário concentrado com veicular e societário;1º SUPLENTE;11;1154;194;0.009532062391681109;0.05670103092783505
Patrimônio médio-baixo - imobiliário concentrado com veicular e societário;GOVERNADOR;8;1154;193;0.006932409012131715;0.04145077720207254
Patrimônio médio-baixo - imobiliário concentrado com veicular e societário;SENADOR;8;1154;213;0.006932409012131715;0.03755868544600939
Patrimônio médio-baixo - imobiliário concentrado com veicular e societário;2º SUPLENTE;7;1154;184;0.006065857885615251;0.03804347826086957
Patrimônio médio-baixo - imobiliário concentrado com veicular e societário;VICE-GOVERNADOR;7;1154;189;0.006065857885615251;0.037037037037037035
Patrimônio médio-baixo - rural/agropecuário + imobiliário;DEPUTADO ESTADUAL;131;217;10056;0.6036866359447005;0.013027048528241846
Patrimônio médio-baixo - rural/agropecuário + imobiliário;DEPUTADO FEDERAL;69;217;6772;0.31797235023041476;0.010189013585351446
Patrimônio médio-baixo - rural/agropecuário + imobiliário;DEPUTADO DISTRITAL;5;217;394;0.02304147465437788;0.012690355329949238
Patrimônio médio-baixo - rural/agropecuário + imobiliário;2º SUPLENTE;3;217;184;0.013824884792626729;0.016304347826086956
Patrimônio médio-baixo - rural/agropecuário + imobiliário;SENADOR;3;217;213;0.013824884792626729;0.014084507042253521
Patrimônio médio-baixo - rural/agropecuário + imobiliário;1º SUPLENTE;2;217;194;0.009216589861751152;0.010309278350515464
Patrimônio médio-baixo - rural/agropecuário + imobiliário;GOVERNADOR;2;217;193;0.009216589861751152;0.010362694300518135
Patrimônio médio-baixo - rural/agropecuário + imobiliário;VICE-GOVERNADOR;2;217;189;0.009216589861751152;0.010582010582010581
Patrimônio médio-baixo - societário + veicular;DEPUTADO ESTADUAL;188;326;10056;0.5766871165644172;0.01869530628480509
Patrimônio médio-baixo - societário + veicular;DEPUTADO FEDERAL;118;326;6772;0.3619631901840491;0.017424689899586534
Patrimônio médio-baixo - societário + veicular;2º SUPLENTE;6;326;184;0.018404907975460124;0.03260869565217391
Patrimônio médio-baixo - societário + veicular;DEPUTADO DISTRITAL;6;326;394;0.018404907975460124;0.015228426395939087
Patrimônio médio-baixo - societário + veicular;1º SUPLENTE;4;326;194;0.012269938650306749;0.020618556701030927
Patrimônio médio-baixo - societário + veicular;SENADOR;3;326;213;0.009202453987730062;0.014084507042253521
Patrimônio médio-baixo - societário + veicular;GOVERNADOR;1;326;193;0.003067484662576687;0.0051813471502590676
Patrimônio médio-baixo - veicular + financeiro;DEPUTADO ESTADUAL;204;360;10056;0.5666666666666667;0.02028639618138425
Patrimônio médio-baixo - veicular + financeiro;DEPUTADO FEDERAL;121;360;6772;0.33611111111111114;0.017867690490253985
Patrimônio médio-baixo - veicular + financeiro;DEPUTADO DISTRITAL;11;360;394;0.030555555555555555;0.027918781725888325
Patrimônio médio-baixo - veicular + financeiro;SENADOR;6;360;213;0.016666666666666666;0.028169014084507043
Patrimônio médio-baixo - veicular + financeiro;VICE-GOVERNADOR;6;360;189;0.016666666666666666;0.031746031746031744
Patrimônio médio-baixo - veicular + financeiro;2º SUPLENTE;5;360;184;0.013888888888888888;0.02717391304347826
Patrimônio médio-baixo - veicular + financeiro;GOVERNADOR;4;360;193;0.011111111111111112;0.02072538860103627
Patrimônio médio-baixo - veicular + financeiro;1º SUPLENTE;3;360;194;0.008333333333333333;0.015463917525773196
Patrimônio médio-baixo - veicular concentrado;DEPUTADO ESTADUAL;225;364;10056;0.6181318681318682;0.02237470167064439
Patrimônio médio-baixo - veicular concentrado;DEPUTADO FEDERAL;121;364;6772;0.3324175824175824;0.017867690490253985
Patrimônio médio-baixo - veicular concentrado;DEPUTADO DISTRITAL;10;364;394;0.027472527472527472;0.025380710659898477
Patrimônio médio-baixo - veicular concentrado;1º SUPLENTE;5;364;194;0.013736263736263736;0.02577319587628866
Patrimônio médio-baixo - veicular concentrado;2º SUPLENTE;1;364;184;0.0027472527472527475;0.005434782608695652
Patrimônio médio-baixo - veicular concentrado;GOVERNADOR;1;364;193;0.0027472527472527475;0.0051813471502590676
Patrimônio médio-baixo - veicular concentrado;VICE-GOVERNADOR;1;364;189;0.0027472527472527475;0.005291005291005291
Patrimônio ultra-alto - créditos e direitos diversificado;DEPUTADO FEDERAL;10;23;6772;0.43478260869565216;0.0014766686355581807
Patrimônio ultra-alto - créditos e direitos diversificado;DEPUTADO ESTADUAL;8;23;10056;0.34782608695652173;0.0007955449482895784
Patrimônio ultra-alto - créditos e direitos diversificado;1º SUPLENTE;2;23;194;0.08695652173913043;0.010309278350515464
Patrimônio ultra-alto - créditos e direitos diversificado;VICE-GOVERNADOR;2;23;189;0.08695652173913043;0.010582010582010581
Patrimônio ultra-alto - créditos e direitos diversificado;SENADOR;1;23;213;0.043478260869565216;0.004694835680751174
Patrimônio ultra-alto - financeiro + societário;DEPUTADO FEDERAL;12;37;6772;0.32432432432432434;0.0017720023626698169
Patrimônio ultra-alto - financeiro + societário;1º SUPLENTE;8;37;194;0.21621621621621623;0.041237113402061855
Patrimônio ultra-alto - financeiro + societário;DEPUTADO ESTADUAL;8;37;10056;0.21621621621621623;0.0007955449482895784
Patrimônio ultra-alto - financeiro + societário;GOVERNADOR;3;37;193;0.08108108108108109;0.015544041450777202
Patrimônio ultra-alto - financeiro + societário;VICE-GOVERNADOR;3;37;189;0.08108108108108109;0.015873015873015872
Patrimônio ultra-alto - financeiro + societário;SENADOR;2;37;213;0.05405405405405406;0.009389671361502348
Patrimônio ultra-alto - financeiro + societário;2º SUPLENTE;1;37;184;0.02702702702702703;0.005434782608695652
Patrimônio ultra-alto - imobiliário + outros ativos;DEPUTADO FEDERAL;12;26;6772;0.46153846153846156;0.0017720023626698169
Patrimônio ultra-alto - imobiliário + outros ativos;DEPUTADO ESTADUAL;8;26;10056;0.3076923076923077;0.0007955449482895784
Patrimônio ultra-alto - imobiliário + outros ativos;1º SUPLENTE;2;26;194;0.07692307692307693;0.010309278350515464
Patrimônio ultra-alto - imobiliário + outros ativos;2º SUPLENTE;2;26;184;0.07692307692307693;0.010869565217391304
Patrimônio ultra-alto - imobiliário + outros ativos;DEPUTADO DISTRITAL;1;26;394;0.038461538461538464;0.0025380710659898475
Patrimônio ultra-alto - imobiliário + outros ativos;SENADOR;1;26;213;0.038461538461538464;0.004694835680751174
Patrimônio ultra-alto - rural/agropecuário concentrado;DEPUTADO ESTADUAL;20;46;10056;0.43478260869565216;0.001988862370723946
Patrimônio ultra-alto - rural/agropecuário concentrado;DEPUTADO FEDERAL;17;46;6772;0.3695652173913043;0.0025103366804489075
Patrimônio ultra-alto - rural/agropecuário concentrado;1º SUPLENTE;3;46;194;0.06521739130434782;0.015463917525773196
Patrimônio ultra-alto - rural/agropecuário concentrado;2º SUPLENTE;3;46;184;0.06521739130434782;0.016304347826086956
Patrimônio ultra-alto - rural/agropecuário concentrado;GOVERNADOR;3;46;193;0.06521739130434782;0.015544041450777202
Patrimônio ultra-alto - societário concentrado;DEPUTADO FEDERAL;22;57;6772;0.38596491228070173;0.0032486709982279976
Patrimônio ultra-alto - societário concentrado;DEPUTADO ESTADUAL;15;57;10056;0.2631578947368421;0.0014916467780429594
Patrimônio ultra-alto - societário concentrado;GOVERNADOR;8;57;193;0.14035087719298245;0.04145077720207254
Patrimônio ultra-alto - societário concentrado;1º SUPLENTE;4;57;194;0.07017543859649122;0.020618556701030927
Patrimônio ultra-alto - societário concentrado;2º SUPLENTE;3;57;184;0.05263157894736842;0.016304347826086956
Patrimônio ultra-alto - societário concentrado;SENADOR;3;57;213;0.05263157894736842;0.014084507042253521
Patrimônio ultra-alto - societário concentrado;PRESIDENTE;2;57;13;0.03508771929824561;0.15384615384615385
