SG_UF;perfil_cluster;candidatos_cluster_uf;eleitos_cluster_uf;taxa_cluster_uf;candidatos_uf;eleitos_uf;taxa_uf;indice_vs_uf;delta_pp_vs_uf;participacao_candidatos_uf;participacao_eleitos_uf;patrimonio_mediano_cluster_uf
PR;Alto patrimônio - imobiliário diversificado com societário e créditos e direitos;44;20;0.45454545454545453;1154;86;0.07452339688041594;6.099365750528541;38.00220576650386;0.038128249566724434;0.23255813953488372;2419047.095
BA;Alto patrimônio - imobiliário diversificado com societário e créditos e direitos;26;14;0.5384615384615384;999;102;0.1021021021021021;5.273755656108597;43.63594363594363;0.026026026026026026;0.13725490196078433;3025637.76
MG;Alto patrimônio - imobiliário diversificado com societário e créditos e direitos;42;14;0.3333333333333333;1668;133;0.07973621103117506;4.180451127819548;25.359712230215827;0.025179856115107913;0.10526315789473684;2372432.58
BA;Alto patrimônio - imobiliário diversificado com rural/agropecuário e societário;38;16;0.42105263157894735;999;102;0.1021021021021021;4.123839009287925;31.895052947684523;0.03803803803803804;0.1568627450980392;2075178.01
GO;Alto patrimônio - imobiliário diversificado com rural/agropecuário e societário;26;8;0.3076923076923077;766;60;0.0783289817232376;3.9282051282051285;22.93633259690701;0.033942558746736295;0.13333333333333333;2486466.0200000005
SC;Alto patrimônio - imobiliário diversificado com societário e créditos e direitos;31;9;0.2903225806451613;752;56;0.07446808510638298;3.898617511520738;21.585449553877833;0.041223404255319146;0.16071428571428573;2894850.35
GO;Alto patrimônio - imobiliário diversificado com societário e créditos e direitos;29;8;0.27586206896551724;766;60;0.0783289817232376;3.52183908045977;19.753308724227963;0.037859007832898174;0.13333333333333333;3086048.41
CE;Alto patrimônio - imobiliário + societário com societário e financeiro;38;15;0.39473684210526316;611;71;0.11620294599018004;3.3969607116382505;27.853389611508312;0.062193126022913256;0.2112676056338028;1633003.775
RJ;Patrimônio médio-baixo - veicular + financeiro;38;10;0.2631578947368421;1432;116;0.08100558659217877;3.248638838475499;18.21523081446633;0.02653631284916201;0.08620689655172414;164691.555
PR;Alto patrimônio - imobiliário + societário com societário e financeiro;68;16;0.23529411764705882;1154;86;0.07452339688041594;3.1573187414500685;16.07707207666429;0.058925476603119586;0.18604651162790697;1228427.865
TO;Alto patrimônio - imobiliário + rural/agropecuário;37;10;0.2702702702702703;411;36;0.08759124087591241;3.085585585585586;18.267902939435785;0.09002433090024331;0.2777777777777778;2075149.73
SP;Alto patrimônio - imobiliário diversificado com societário e créditos e direitos;78;15;0.19230769230769232;2528;160;0.06329113924050633;3.0384615384615383;12.901655306718599;0.030854430379746837;0.09375;2213440.4750000006
BA;Alto patrimônio - imobiliário + rural/agropecuário;42;13;0.30952380952380953;999;102;0.1021021021021021;3.0315126050420167;20.742170742170742;0.042042042042042045;0.12745098039215685;1183271.545
RJ;Alto patrimônio - imobiliário + financeiro;53;13;0.24528301886792453;1432;116;0.08100558659217877;3.0279765777488614;16.427743227574577;0.037011173184357544;0.11206896551724138;1430904.24
BA;Alto patrimônio - imobiliário + financeiro;26;8;0.3076923076923077;999;102;0.1021021021021021;3.013574660633484;20.55902055902056;0.026026026026026026;0.0784313725490196;1324788.53
RJ;Patrimônio médio-alto - imobiliário concentrado com financeiro e societário;41;10;0.24390243902439024;1432;116;0.08100558659217877;3.010933557611438;16.289685243221147;0.02863128491620112;0.08620689655172414;482549.04
SP;Alto patrimônio - imobiliário + financeiro;139;26;0.18705035971223022;2528;160;0.06329113924050633;2.9553956834532373;12.375922047172388;0.054984177215189875;0.1625;1293907.39
MG;Alto patrimônio - imobiliário + societário com societário e financeiro;94;22;0.23404255319148937;1668;133;0.07973621103117506;2.9352103663413853;15.43063421603143;0.05635491606714628;0.16541353383458646;1626907.27
MG;Alto patrimônio - imobiliário + financeiro;49;11;0.22448979591836735;1668;133;0.07973621103117506;2.8154058615927573;14.475358488719229;0.029376498800959234;0.08270676691729323;1163000.0
SC;Alto patrimônio - imobiliário + financeiro;34;7;0.20588235294117646;752;56;0.07446808510638298;2.764705882352941;13.141426783479348;0.04521276595744681;0.125;1239574.57
RN;Alto patrimônio - imobiliário + societário com societário e financeiro;26;7;0.2692307692307692;356;35;0.09831460674157304;2.738461538461538;17.091616248919618;0.07303370786516854;0.2;1390018.3050000002
SC;Alto patrimônio - imobiliário + societário com societário e financeiro;55;11;0.2;752;56;0.07446808510638298;2.685714285714286;12.553191489361703;0.07313829787234043;0.19642857142857142;1796246.12
AM;Alto patrimônio - imobiliário + societário com societário e financeiro;35;8;0.22857142857142856;398;34;0.08542713567839195;2.6756302521008406;14.314429289303659;0.08793969849246232;0.23529411764705882;1440884.11
PE;Alto patrimônio - imobiliário + societário com societário e financeiro;36;12;0.3333333333333333;572;72;0.1258741258741259;2.648148148148148;20.745920745920742;0.06293706293706294;0.16666666666666666;1336093.83
RS;Alto patrimônio - imobiliário + rural/agropecuário;25;6;0.24;975;90;0.09230769230769231;2.5999999999999996;14.769230769230768;0.02564102564102564;0.06666666666666667;1229640.51
RJ;Alto patrimônio - imobiliário + societário com societário e financeiro;103;21;0.20388349514563106;1432;116;0.08100558659217877;2.5169065952460663;12.287790855345229;0.07192737430167598;0.1810344827586207;1636501.43
MG;Patrimônio médio-alto - veicular diversificado;25;5;0.2;1668;133;0.07973621103117506;2.5082706766917293;12.026378896882495;0.01498800959232614;0.03759398496240601;430000.0
PA;Alto patrimônio - imobiliário + societário com societário e financeiro;44;11;0.25;556;58;0.10431654676258993;2.396551724137931;14.568345323741006;0.07913669064748201;0.1896551724137931;1266378.88
SP;Patrimônio médio-alto - imobiliário concentrado com financeiro e societário;73;11;0.1506849315068493;2528;160;0.06329113924050633;2.380821917808219;8.739379226634297;0.028876582278481014;0.06875;509518.88
SP;Alto patrimônio - imobiliário + societário com societário e financeiro;200;30;0.15;2528;160;0.06329113924050633;2.3699999999999997;8.670886075949365;0.07911392405063292;0.1875;1583311.75
MA;Alto patrimônio - imobiliário + societário com societário e financeiro;27;7;0.25925925925925924;575;63;0.10956521739130434;2.366255144032922;14.96940418679549;0.04695652173913043;0.1111111111111111;2010087.55
DF;Alto patrimônio - imobiliário + financeiro;31;4;0.12903225806451613;606;34;0.056105610561056105;2.299810246679317;7.2926647503460025;0.05115511551155116;0.11764705882352941;1302975.54
RS;Alto patrimônio - imobiliário + financeiro;43;9;0.20930232558139536;975;90;0.09230769230769231;2.2674418604651163;11.699463327370305;0.0441025641025641;0.1;1243858.7
SP;Patrimônio médio-alto - veicular diversificado;49;7;0.14285714285714285;2528;160;0.06329113924050633;2.2571428571428567;7.956600361663652;0.019382911392405063;0.04375;400314.87
PR;Alto patrimônio - imobiliário + financeiro;49;8;0.16326530612244897;1154;86;0.07452339688041594;2.190792596108211;8.874190924203303;0.04246100519930676;0.09302325581395349;1314498.81
RS;Patrimônio médio-baixo - imobiliário concentrado com financeiro e societário;25;5;0.2;975;90;0.09230769230769231;2.1666666666666665;10.76923076923077;0.02564102564102564;0.05555555555555555;191171.75
MG;Patrimônio médio-alto - imobiliário + veicular com veicular e financeiro;58;10;0.1724137931034483;1668;133;0.07973621103117506;2.1623023074928702;9.267758207227322;0.03477218225419664;0.07518796992481203;466486.735
SP;Patrimônio médio-alto - imobiliário + veicular com veicular e financeiro;135;18;0.13333333333333333;2528;160;0.06329113924050633;2.1066666666666665;7.0042194092827;0.053401898734177215;0.1125;472376.83
CE;Alto patrimônio - imobiliário + financeiro;25;6;0.24;611;71;0.11620294599018004;2.0653521126760563;12.379705400981996;0.04091653027823241;0.08450704225352113;1017229.46
PR;Patrimônio médio-alto - rural/agropecuário + imobiliário;26;4;0.15384615384615385;1154;86;0.07452339688041594;2.0644007155635067;7.932275696573791;0.022530329289428077;0.046511627906976744;481094.55500000005
DF;Alto patrimônio - imobiliário concentrado com veicular e outros ativos;45;5;0.1111111111111111;606;34;0.056105610561056105;1.980392156862745;5.5005500550055;0.07425742574257425;0.14705882352941177;1220000.0
ES;Patrimônio médio-alto - imobiliário concentrado com societário e dinheiro em espécie;25;4;0.16;481;39;0.08108108108108109;1.9733333333333332;7.891891891891892;0.05197505197505198;0.10256410256410256;503839.67
MG;Patrimônio médio-alto - imobiliário concentrado com financeiro e societário;46;7;0.15217391304347827;1668;133;0.07973621103117506;1.908466819221968;7.243770201230321;0.027577937649880094;0.05263157894736842;504214.86
MG;Alto patrimônio - imobiliário diversificado com rural/agropecuário e societário;40;6;0.15;1668;133;0.07973621103117506;1.8812030075187969;7.026378896882493;0.023980815347721823;0.045112781954887216;1697879.7400000002
SC;Patrimônio médio-alto - imobiliário + veicular com veicular e financeiro;29;4;0.13793103448275862;752;56;0.07446808510638298;1.8522167487684729;6.346294937637564;0.03856382978723404;0.07142857142857142;528585.0599999999
PR;Patrimônio médio-alto - imobiliário concentrado com financeiro e societário;29;4;0.13793103448275862;1154;86;0.07452339688041594;1.8508420208500402;6.3407637602342675;0.02512998266897747;0.046511627906976744;460253.64
SP;Patrimônio médio-alto - rural/agropecuário + imobiliário;26;3;0.11538461538461539;2528;160;0.06329113924050633;1.823076923076923;5.209347614410905;0.010284810126582278;0.01875;445860.925
RJ;Patrimônio médio-alto - imobiliário + veicular com veicular e societário;28;4;0.14285714285714285;1432;116;0.08100558659217877;1.7635467980295565;6.1851556264964085;0.019553072625698324;0.034482758620689655;476650.79000000004
RS;Patrimônio médio-alto - imobiliário concentrado com financeiro e societário;25;4;0.16;975;90;0.09230769230769231;1.7333333333333332;6.769230769230769;0.02564102564102564;0.044444444444444446;482936.68
GO;Alto patrimônio - imobiliário + societário com societário e financeiro;45;6;0.13333333333333333;766;60;0.0783289817232376;1.702222222222222;5.500435161009573;0.0587467362924282;0.1;1522704.82
MG;Alto patrimônio - imobiliário concentrado com financeiro e outros ativos;46;6;0.13043478260869565;1668;133;0.07973621103117506;1.6358287021902582;5.069857157752058;0.027577937649880094;0.045112781954887216;1401000.0
MA;Alto patrimônio - imobiliário + rural/agropecuário;28;5;0.17857142857142858;575;63;0.10956521739130434;1.6298185941043084;6.900621118012423;0.04869565217391304;0.07936507936507936;1508750.0
GO;Alto patrimônio - imobiliário + rural/agropecuário;47;6;0.1276595744680851;766;60;0.0783289817232376;1.629787234042553;4.93305927448475;0.06135770234986945;0.1;1380000.0
SP;Alto patrimônio - imobiliário diversificado com rural/agropecuário e societário;49;5;0.10204081632653061;2528;160;0.06329113924050633;1.6122448979591837;3.874967708602428;0.019382911392405063;0.03125;1819848.24
PR;Alto patrimônio - imobiliário diversificado com rural/agropecuário e societário;25;3;0.12;1154;86;0.07452339688041594;1.610232558139535;4.547660311958405;0.021663778162911613;0.03488372093023256;1886825.14
SE;Patrimônio médio-alto - imobiliário concentrado com veicular e dinheiro em espécie;25;4;0.16;322;32;0.09937888198757763;1.61;6.062111801242237;0.07763975155279502;0.125;456000.0
SP;Alto patrimônio - imobiliário concentrado com financeiro e outros ativos;80;8;0.1;2528;160;0.06329113924050633;1.58;3.670886075949367;0.03164556962025317;0.05;1241606.825
PA;Alto patrimônio - imobiliário + rural/agropecuário;31;5;0.16129032258064516;556;58;0.10431654676258993;1.5461624026696328;5.697377581805522;0.05575539568345324;0.08620689655172414;1615500.0
PR;Alto patrimônio - imobiliário + rural/agropecuário;35;4;0.11428571428571428;1154;86;0.07452339688041594;1.5335548172757476;3.976231740529834;0.030329289428076257;0.046511627906976744;1349000.0
SP;Patrimônio médio-baixo - imobiliário concentrado com financeiro e societário;62;6;0.0967741935483871;2528;160;0.06329113924050633;1.529032258064516;3.348305430788076;0.0245253164556962;0.0375;196270.495
AP;Patrimônio médio-baixo - imobiliário concentrado com societário e dinheiro em espécie;25;4;0.16;267;28;0.10486891385767791;1.5257142857142856;5.513108614232209;0.09363295880149813;0.14285714285714285;170000.0
BA;Patrimônio médio-alto - imobiliário + veicular com veicular e financeiro;26;4;0.15384615384615385;999;102;0.1021021021021021;1.506787330316742;5.174405174405175;0.026026026026026026;0.0392156862745098;464915.615
RJ;Alto patrimônio - imobiliário concentrado com financeiro e outros ativos;66;8;0.12121212121212122;1432;116;0.08100558659217877;1.4963427377220482;4.020653461994245;0.046089385474860335;0.06896551724137931;1250000.0
MG;Baixo patrimônio - financeiro concentrado;42;5;0.11904761904761904;1668;133;0.07973621103117506;1.493018259935553;3.9311408016443976;0.025179856115107913;0.03759398496240601;15000.0
RJ;Patrimônio médio-alto - veicular diversificado;35;4;0.11428571428571428;1432;116;0.08100558659217877;1.4108374384236453;3.3280127693535513;0.024441340782122904;0.034482758620689655;428046.52
MG;Patrimônio médio-baixo - veicular concentrado;37;4;0.10810810810810811;1668;133;0.07973621103117506;1.3558219874009347;2.8371897076933053;0.022182254196642687;0.03007518796992481;160000.0
RS;Patrimônio médio-baixo - imobiliário + veicular;40;5;0.125;975;90;0.09230769230769231;1.3541666666666665;3.2692307692307687;0.041025641025641026;0.05555555555555555;185701.72
PR;Patrimônio médio-alto - imobiliário + veicular com veicular e financeiro;41;4;0.0975609756097561;1154;86;0.07452339688041594;1.309132161089053;2.3037578729340162;0.03552859618717504;0.046511627906976744;515485.16
RS;Alto patrimônio - imobiliário + societário com societário e financeiro;51;6;0.11764705882352941;975;90;0.09230769230769231;1.2745098039215685;2.53393665158371;0.052307692307692305;0.06666666666666667;1488841.4
DF;Patrimônio médio-alto - imobiliário concentrado com veicular e dinheiro em espécie;56;4;0.07142857142857142;606;34;0.056105610561056105;1.273109243697479;1.532296086751532;0.0924092409240924;0.11764705882352941;477250.0
BA;Alto patrimônio - imobiliário + societário com societário e financeiro;32;4;0.125;999;102;0.1021021021021021;1.2242647058823528;2.2897897897897894;0.03203203203203203;0.0392156862745098;1514106.52
RJ;Patrimônio médio-alto - imobiliário + veicular com veicular e financeiro;51;5;0.09803921568627451;1432;116;0.08100558659217877;1.2102772143340095;1.703362909409574;0.0356145251396648;0.04310344827586207;455613.96
PA;Patrimônio médio-alto - imobiliário concentrado com veicular e dinheiro em espécie;32;4;0.125;556;58;0.10431654676258993;1.1982758620689655;2.0683453237410068;0.05755395683453238;0.06896551724137931;477000.0
RR;Patrimônio médio-alto - imobiliário concentrado com veicular e dinheiro em espécie;26;3;0.11538461538461539;343;34;0.09912536443148688;1.164027149321267;1.625925095312851;0.07580174927113703;0.08823529411764706;451500.0
RS;Patrimônio médio-alto - imobiliário concentrado com veicular e dinheiro em espécie;59;6;0.1016949152542373;975;90;0.09230769230769231;1.1016949152542372;0.9387222946544982;0.06051282051282051;0.06666666666666667;450000.0
MG;Patrimônio médio-alto - rural/agropecuário + imobiliário;46;4;0.08695652173913043;1668;133;0.07973621103117506;1.0905524681268388;0.7220310707955369;0.027577937649880094;0.03007518796992481;501178.125
RJ;Patrimônio médio-baixo - societário + veicular;34;3;0.08823529411764706;1432;116;0.08100558659217877;1.0892494929006087;0.7229707525468296;0.023743016759776536;0.02586206896551724;170000.0
SC;Patrimônio médio-alto - imobiliário + veicular com veicular e societário;37;3;0.08108108108108109;752;56;0.07446808510638298;1.0888030888030888;0.661299597469811;0.04920212765957447;0.05357142857142857;511972.2400000001
PR;Patrimônio médio-baixo - veicular + financeiro;25;2;0.08;1154;86;0.07452339688041594;1.0734883720930233;0.5476603119584061;0.021663778162911613;0.023255813953488372;180454.08
BA;Patrimônio médio-alto - rural/agropecuário + imobiliário;28;3;0.10714285714285714;999;102;0.1021021021021021;1.0493697478991595;0.5040755040755032;0.028028028028028028;0.029411764705882353;435500.0
RO;Alto patrimônio - imobiliário + rural/agropecuário;27;2;0.07407407407407407;454;33;0.07268722466960352;1.0190796857463524;0.13868494044705498;0.05947136563876652;0.06060606060606061;1227080.0
RJ;Baixo patrimônio - dinheiro em espécie concentrado;49;4;0.08163265306122448;1432;116;0.08100558659217877;1.0077410274454608;0.06270664690457145;0.034217877094972066;0.034482758620689655;20000.0
CE;Patrimônio médio-alto - imobiliário concentrado com societário e dinheiro em espécie;26;3;0.11538461538461539;611;71;0.11620294599018004;0.9929577464788732;-0.08183306055646461;0.0425531914893617;0.04225352112676056;507500.0
RJ;Patrimônio médio-baixo - imobiliário concentrado com financeiro e societário;27;2;0.07407407407407407;1432;116;0.08100558659217877;0.9144316730523627;-0.6931512518104699;0.018854748603351956;0.017241379310344827;210396.99
SP;Patrimônio médio-baixo - imobiliário + veicular;90;5;0.05555555555555555;2528;160;0.06329113924050633;0.8777777777777777;-0.7735583684950781;0.03560126582278481;0.03125;223008.0
PR;Alto patrimônio - imobiliário concentrado com veicular e outros ativos;31;2;0.06451612903225806;1154;86;0.07452339688041594;0.8657164291072769;-1.0007267848157877;0.026863084922010397;0.023255813953488372;1012836.0
MG;Alto patrimônio - imobiliário + rural/agropecuário;73;5;0.0684931506849315;1668;133;0.07973621103117506;0.8589968070862086;-1.124306034624356;0.043764988009592325;0.03759398496240601;1412955.51
SP;Alto patrimônio - imobiliário + rural/agropecuário;56;3;0.05357142857142857;2528;160;0.06329113924050633;0.8464285714285713;-0.9719710669077765;0.022151898734177215;0.01875;1571724.88
RJ;Baixo patrimônio - financeiro concentrado;120;8;0.06666666666666667;1432;116;0.08100558659217877;0.8229885057471265;-1.4338919925512104;0.08379888268156424;0.06896551724137931;5370.15
AP;Baixo patrimônio - veicular concentrado com rural/agropecuário e dinheiro em espécie;35;3;0.08571428571428572;267;28;0.10486891385767791;0.8173469387755101;-1.9154628143392194;0.13108614232209737;0.10714285714285714;40000.0
SP;Baixo patrimônio - financeiro concentrado;140;7;0.05;2528;160;0.06329113924050633;0.79;-1.329113924050633;0.055379746835443035;0.04375;5000.0
SP;Patrimônio médio-baixo - veicular + financeiro;63;3;0.047619047619047616;2528;160;0.06329113924050633;0.7523809523809523;-1.5672091621458717;0.024920886075949368;0.01875;152389.0
PR;Patrimônio médio-baixo - imobiliário + veicular;36;2;0.05555555555555555;1154;86;0.07452339688041594;0.7454780361757106;-1.8967841324860388;0.03119584055459272;0.023255813953488372;203190.275
RS;Patrimônio médio-alto - imobiliário + veicular com veicular e financeiro;46;3;0.06521739130434782;975;90;0.09230769230769231;0.7065217391304347;-2.709030100334449;0.04717948717948718;0.03333333333333333;488404.53
RJ;Baixo patrimônio - imobiliário concentrado;53;3;0.05660377358490566;1432;116;0.08100558659217877;0.6987638256343527;-2.4401813007273105;0.037011173184357544;0.02586206896551724;52319.11
MG;Patrimônio médio-baixo - veicular + financeiro;36;2;0.05555555555555555;1668;133;0.07973621103117506;0.6967418546365914;-2.4180655475619512;0.02158273381294964;0.015037593984962405;174678.215
DF;Patrimônio médio-alto - imobiliário concentrado com societário e dinheiro em espécie;26;1;0.038461538461538464;606;34;0.056105610561056105;0.6855203619909502;-1.764407209951764;0.0429042904290429;0.029411764705882353;480591.85
MG;Patrimônio médio-alto - imobiliário + veicular com veicular e societário;37;2;0.05405405405405406;1668;133;0.07973621103117506;0.6779109937004674;-2.568215697712101;0.022182254196642687;0.015037593984962405;478115.64
TO;Patrimônio médio-alto - imobiliário concentrado com veicular e dinheiro em espécie;34;2;0.058823529411764705;411;36;0.08759124087591241;0.6715686274509803;-2.8767711464147707;0.0827250608272506;0.05555555555555555;455000.0
DF;Alto patrimônio - imobiliário + societário com societário e financeiro;28;1;0.03571428571428571;606;34;0.056105610561056105;0.6365546218487395;-2.0391324846770393;0.0462046204620462;0.029411764705882353;1935729.75
RJ;Patrimônio médio-alto - imobiliário concentrado com societário e dinheiro em espécie;59;3;0.05084745762711865;1432;116;0.08100558659217877;0.6277030976037405;-3.015812896506012;0.04120111731843575;0.02586206896551724;475031.4
SP;Baixo patrimônio - dinheiro em espécie concentrado;26;1;0.038461538461538464;2528;160;0.06329113924050633;0.6076923076923076;-2.482960077896787;0.010284810126582278;0.00625;39250.0
CE;Patrimônio médio-alto - imobiliário concentrado com veicular e dinheiro em espécie;43;3;0.06976744186046512;611;71;0.11620294599018004;0.6003930560104814;-4.643550412971492;0.07037643207855974;0.04225352112676056;398586.37
BA;Alto patrimônio - imobiliário concentrado com veicular e outros ativos;33;2;0.06060606060606061;999;102;0.1021021021021021;0.5935828877005348;-4.14960414960415;0.03303303303303303;0.0196078431372549;1065948.0
RS;Patrimônio médio-baixo - imobiliário concentrado com veicular e societário;56;3;0.05357142857142857;975;90;0.09230769230769231;0.5803571428571428;-3.8736263736263745;0.057435897435897436;0.03333333333333333;201000.0
MA;Patrimônio médio-alto - imobiliário concentrado com veicular e dinheiro em espécie;49;3;0.061224489795918366;575;63;0.10956521739130434;0.5587949465500486;-4.834072759538597;0.08521739130434783;0.047619047619047616;505000.0
SE;Baixo patrimônio - veicular concentrado com rural/agropecuário e dinheiro em espécie;37;2;0.05405405405405406;322;32;0.09937888198757763;0.543918918918919;-4.532482793352358;0.11490683229813664;0.0625;25000.0
RO;Patrimônio médio-baixo - imobiliário concentrado com veicular e societário;26;1;0.038461538461538464;454;33;0.07268722466960352;0.5291375291375292;-3.422568620806506;0.05726872246696035;0.030303030303030304;169465.5
RS;Patrimônio médio-alto - imobiliário + veicular com veicular e societário;41;2;0.04878048780487805;975;90;0.09230769230769231;0.5284552845528455;-4.352720450281426;0.04205128205128205;0.022222222222222223;489996.87
MG;Alto patrimônio - imobiliário concentrado com veicular e outros ativos;74;3;0.04054054054054054;1668;133;0.07973621103117506;0.5084332452753505;-3.919567049063452;0.04436450839328537;0.022556390977443608;1230172.5
MG;Patrimônio médio-alto - imobiliário concentrado com veicular e dinheiro em espécie;124;5;0.04032258064516129;1668;133;0.07973621103117506;0.5056997332039777;-3.9413630386013776;0.07434052757793765;0.03759398496240601;434000.0
MG;Patrimônio médio-baixo - societário + veicular;25;1;0.04;1668;133;0.07973621103117506;0.5016541353383458;-3.973621103117506;0.01498800959232614;0.007518796992481203;154000.0
CE;Patrimônio médio-baixo - imobiliário concentrado com societário e dinheiro em espécie;35;2;0.05714285714285714;611;71;0.11620294599018004;0.49175050301810863;-5.90600888473229;0.057283142389525366;0.028169014084507043;170000.0
RO;Patrimônio médio-alto - imobiliário concentrado com veicular e dinheiro em espécie;28;1;0.03571428571428571;454;33;0.07268722466960352;0.49134199134199136;-3.697293895531781;0.06167400881057269;0.030303030303030304;422000.0
SC;Patrimônio médio-alto - imobiliário concentrado com veicular e dinheiro em espécie;55;2;0.03636363636363636;752;56;0.07446808510638298;0.4883116883116883;-3.8104448742746615;0.07313829787234043;0.03571428571428571;472354.0
SP;Baixo patrimônio - societário concentrado;65;2;0.03076923076923077;2528;160;0.06329113924050633;0.48615384615384616;-3.2521908471275562;0.025712025316455698;0.0125;16000.0
RJ;Baixo patrimônio - societário concentrado;51;2;0.0392156862745098;1432;116;0.08100558659217877;0.4841108857336038;-4.178990031766896;0.0356145251396648;0.017241379310344827;20000.0
PR;Patrimônio médio-alto - imobiliário concentrado com societário e dinheiro em espécie;28;1;0.03571428571428571;1154;86;0.07452339688041594;0.4792358803986711;-3.8809111166130226;0.024263431542461005;0.011627906976744186;401500.0
SP;Alto patrimônio - imobiliário concentrado com veicular e outros ativos;67;2;0.029850746268656716;2528;160;0.06329113924050633;0.4716417910447761;-3.3440392971849615;0.026503164556962024;0.0125;1177446.94
ES;Patrimônio médio-alto - imobiliário concentrado com veicular e dinheiro em espécie;27;1;0.037037037037037035;481;39;0.08108108108108109;0.4567901234567901;-4.404404404404405;0.056133056133056136;0.02564102564102564;421000.0
SC;Alto patrimônio - imobiliário concentrado com veicular e outros ativos;30;1;0.03333333333333333;752;56;0.07446808510638298;0.44761904761904764;-4.113475177304964;0.0398936170212766;0.017857142857142856;1032634.0
MS;Patrimônio médio-baixo - imobiliário concentrado com veicular e societário;25;1;0.04;394;36;0.09137055837563451;0.4377777777777778;-5.137055837563452;0.06345177664974619;0.027777777777777776;173510.0
MG;Baixo patrimônio - imobiliário + veicular;29;1;0.034482758620689655;1668;133;0.07973621103117506;0.432460461498574;-4.525345241048541;0.01738609112709832;0.007518796992481203;72507.34
PE;Baixo patrimônio - imobiliário concentrado;40;2;0.05;572;72;0.1258741258741259;0.3972222222222222;-7.587412587412588;0.06993006993006994;0.027777777777777776;80000.0
RS;Baixo patrimônio - financeiro concentrado;55;2;0.03636363636363636;975;90;0.09230769230769231;0.3939393939393939;-5.594405594405595;0.05641025641025641;0.022222222222222223;3239.44
MG;Patrimônio médio-alto - imobiliário concentrado com societário e dinheiro em espécie;65;2;0.03076923076923077;1668;133;0.07973621103117506;0.3858877964141122;-4.8966980261944295;0.03896882494004796;0.015037593984962405;470000.0
RJ;Patrimônio médio-baixo - imobiliário + veicular;32;1;0.03125;1432;116;0.08100558659217877;0.3857758620689655;-4.975558659217877;0.0223463687150838;0.008620689655172414;186004.75
MS;Patrimônio médio-alto - imobiliário concentrado com veicular e dinheiro em espécie;29;1;0.034482758620689655;394;36;0.09137055837563451;0.3773946360153257;-5.688779975494486;0.07360406091370558;0.027777777777777776;402000.0
BA;Baixo patrimônio - financeiro concentrado;52;2;0.038461538461538464;999;102;0.1021021021021021;0.3766968325791855;-6.364056364056364;0.05205205205205205;0.0196078431372549;5000.0
SE;Patrimônio médio-baixo - imobiliário concentrado com societário e dinheiro em espécie;27;1;0.037037037037037035;322;32;0.09937888198757763;0.3726851851851852;-6.23418449505406;0.08385093167701864;0.03125;200000.0
ES;Baixo patrimônio - veicular concentrado com rural/agropecuário e dinheiro em espécie;68;2;0.029411764705882353;481;39;0.08108108108108109;0.3627450980392157;-5.166931637519873;0.14137214137214138;0.05128205128205128;37044.0
RS;Alto patrimônio - imobiliário concentrado com veicular e outros ativos;30;1;0.03333333333333333;975;90;0.09230769230769231;0.3611111111111111;-5.897435897435898;0.03076923076923077;0.011111111111111112;1013000.0
MG;Patrimônio médio-baixo - imobiliário + veicular;35;1;0.02857142857142857;1668;133;0.07973621103117506;0.35832438238453274;-5.116478245974649;0.020983213429256596;0.007518796992481203;214795.71
ES;Patrimônio médio-baixo - imobiliário concentrado com veicular e societário;35;1;0.02857142857142857;481;39;0.08108108108108109;0.35238095238095235;-5.250965250965252;0.07276507276507277;0.02564102564102564;204000.0
SP;Baixo patrimônio - veicular concentrado com financeiro e societário;91;2;0.02197802197802198;2528;160;0.06329113924050633;0.34725274725274724;-4.131311726248435;0.03599683544303797;0.0125;43850.0
AP;Patrimônio médio-baixo - imobiliário concentrado com veicular e societário;28;1;0.03571428571428571;267;28;0.10486891385767791;0.34056122448979587;-6.91546281433922;0.10486891385767791;0.03571428571428571;172500.0
BA;Patrimônio médio-alto - imobiliário concentrado com veicular e dinheiro em espécie;58;2;0.034482758620689655;999;102;0.1021021021021021;0.33772819472616633;-6.761934348141245;0.05805805805805806;0.0196078431372549;409017.9
MG;Baixo patrimônio - veicular concentrado com financeiro e societário;40;1;0.025;1668;133;0.07973621103117506;0.31353383458646616;-5.473621103117506;0.023980815347721823;0.007518796992481203;49361.425
RJ;Patrimônio médio-baixo - imobiliário concentrado com societário e dinheiro em espécie;79;2;0.02531645569620253;1432;116;0.08100558659217877;0.31252728066346575;-5.568913089597624;0.055167597765363126;0.017241379310344827;193000.0
PB;Baixo patrimônio - imobiliário concentrado;27;1;0.037037037037037035;413;51;0.1234866828087167;0.2999273783587509;-8.644964577167967;0.06537530266343826;0.0196078431372549;50000.0
SC;Patrimônio médio-baixo - imobiliário concentrado com veicular e societário;45;1;0.022222222222222223;752;56;0.07446808510638298;0.29841269841269846;-5.2245862884160745;0.0598404255319149;0.017857142857142856;218000.0
MG;Baixo patrimônio - imobiliário concentrado;43;1;0.023255813953488372;1668;133;0.07973621103117506;0.2916593810106662;-5.648039707768669;0.02577937649880096;0.007518796992481203;77000.0
RS;Baixo patrimônio - veicular concentrado com financeiro e societário;39;1;0.02564102564102564;975;90;0.09230769230769231;0.27777777777777773;-6.666666666666668;0.04;0.011111111111111112;38188.43
MT;Patrimônio médio-baixo - imobiliário concentrado com veicular e societário;37;1;0.02702702702702703;380;37;0.09736842105263158;0.2775748721694668;-7.034139402560455;0.09736842105263158;0.02702702702702703;193000.0
RS;Baixo patrimônio - veicular concentrado com rural/agropecuário e dinheiro em espécie;118;3;0.025423728813559324;975;90;0.09230769230769231;0.2754237288135593;-6.688396349413299;0.12102564102564102;0.03333333333333333;35000.0
MT;Baixo patrimônio - veicular concentrado com rural/agropecuário e dinheiro em espécie;38;1;0.02631578947368421;380;37;0.09736842105263158;0.2702702702702703;-7.105263157894736;0.1;0.02702702702702703;30000.0
MS;Baixo patrimônio - veicular concentrado com rural/agropecuário e dinheiro em espécie;42;1;0.023809523809523808;394;36;0.09137055837563451;0.2605820105820106;-6.75610345661107;0.1065989847715736;0.027777777777777776;28000.0
RJ;Baixo patrimônio - veicular concentrado com financeiro e societário;48;1;0.020833333333333332;1432;116;0.08100558659217877;0.257183908045977;-6.017225325884544;0.0335195530726257;0.008620689655172414;56633.895000000004
PE;Patrimônio médio-alto - imobiliário concentrado com veicular e dinheiro em espécie;32;1;0.03125;572;72;0.1258741258741259;0.24826388888888887;-9.462412587412588;0.055944055944055944;0.013888888888888888;500500.0
PE;Patrimônio médio-baixo - imobiliário concentrado com societário e dinheiro em espécie;32;1;0.03125;572;72;0.1258741258741259;0.24826388888888887;-9.462412587412588;0.055944055944055944;0.013888888888888888;200000.0
MA;Patrimônio médio-alto - imobiliário concentrado com societário e dinheiro em espécie;37;1;0.02702702702702703;575;63;0.10956521739130434;0.2466752466752467;-8.253819036427732;0.06434782608695652;0.015873015873015872;450000.0
RO;Baixo patrimônio - veicular concentrado com rural/agropecuário e dinheiro em espécie;56;1;0.017857142857142856;454;33;0.07268722466960352;0.24567099567099568;-5.483008181246066;0.12334801762114538;0.030303030303030304;37500.0
PR;Baixo patrimônio - financeiro concentrado;57;1;0.017543859649122806;1154;86;0.07452339688041594;0.2354141166870665;-5.697953723129314;0.049393414211438474;0.011627906976744186;9389.45
SP;Patrimônio médio-alto - imobiliário concentrado com veicular e dinheiro em espécie;135;2;0.014814814814814815;2528;160;0.06329113924050633;0.23407407407407407;-4.847632442569152;0.053401898734177215;0.0125;450388.56
MA;Patrimônio médio-baixo - imobiliário concentrado com veicular e societário;39;1;0.02564102564102564;575;63;0.10956521739130434;0.23402523402523404;-8.392419175027872;0.06782608695652174;0.015873015873015872;195000.0
SP;Patrimônio médio-alto - imobiliário + veicular com veicular e societário;69;1;0.014492753623188406;2528;160;0.06329113924050633;0.2289855072463768;-4.879838561731793;0.027294303797468354;0.00625;462840.44
RS;Patrimônio médio-baixo - imobiliário concentrado com societário e dinheiro em espécie;51;1;0.0196078431372549;975;90;0.09230769230769231;0.21241830065359477;-7.269984917043741;0.052307692307692305;0.011111111111111112;180000.0
MA;Patrimônio médio-baixo - imobiliário concentrado com societário e dinheiro em espécie;44;1;0.022727272727272728;575;63;0.10956521739130434;0.20743145743145744;-8.68379446640316;0.07652173913043478;0.015873015873015872;200000.0
PE;Patrimônio médio-baixo - imobiliário concentrado com veicular e societário;39;1;0.02564102564102564;572;72;0.1258741258741259;0.20370370370370366;-10.023310023310025;0.06818181818181818;0.013888888888888888;210000.0
BA;Patrimônio médio-alto - imobiliário concentrado com societário e dinheiro em espécie;49;1;0.02040816326530612;999;102;0.1021021021021021;0.1998799519807923;-8.169393883679598;0.04904904904904905;0.00980392156862745;460000.0
PB;Patrimônio médio-baixo - imobiliário concentrado com societário e dinheiro em espécie;41;1;0.024390243902439025;413;51;0.1234866828087167;0.19751315160210425;-9.909643890627768;0.09927360774818401;0.0196078431372549;160000.0
CE;Patrimônio médio-baixo - imobiliário concentrado com veicular e societário;46;1;0.021739130434782608;611;71;0.11620294599018004;0.18707899571341088;-9.446381555539743;0.07528641571194762;0.014084507042253521;203665.405
SP;Patrimônio médio-alto - imobiliário concentrado com societário e dinheiro em espécie;86;1;0.011627906976744186;2528;160;0.06329113924050633;0.18372093023255812;-5.166323226376215;0.03401898734177215;0.00625;450000.0
PB;Patrimônio médio-baixo - imobiliário concentrado com veicular e societário;46;1;0.021739130434782608;413;51;0.1234866828087167;0.17604433077578857;-10.17475523739341;0.11138014527845036;0.0196078431372549;195531.0
RJ;Baixo patrimônio - veicular concentrado com rural/agropecuário e dinheiro em espécie;150;2;0.013333333333333334;1432;116;0.08100558659217877;0.1645977011494253;-6.767225325884543;0.10474860335195531;0.017241379310344827;30000.0
GO;Baixo patrimônio - veicular concentrado com rural/agropecuário e dinheiro em espécie;78;1;0.01282051282051282;766;60;0.0783289817232376;0.16367521367521368;-6.550846890272479;0.10182767624020887;0.016666666666666666;31206.0
BA;Patrimônio médio-baixo - imobiliário concentrado com veicular e societário;60;1;0.016666666666666666;999;102;0.1021021021021021;0.16323529411764706;-8.543543543543544;0.06006006006006006;0.00980392156862745;197650.0
MG;Baixo patrimônio - veicular concentrado com rural/agropecuário e dinheiro em espécie;231;3;0.012987012987012988;1668;133;0.07973621103117506;0.16287471926569672;-6.6749198044162075;0.13848920863309352;0.022556390977443608;28000.0
BA;Baixo patrimônio - imobiliário concentrado;67;1;0.014925373134328358;999;102;0.1021021021021021;0.14618086040386302;-8.717672896777374;0.06706706706706707;0.00980392156862745;50000.0
BA;Patrimônio médio-baixo - imobiliário concentrado com societário e dinheiro em espécie;67;1;0.014925373134328358;999;102;0.1021021021021021;0.14618086040386302;-8.717672896777374;0.06706706706706707;0.00980392156862745;194500.0
PA;Baixo patrimônio - veicular concentrado com rural/agropecuário e dinheiro em espécie;70;1;0.014285714285714285;556;58;0.10431654676258993;0.13694581280788176;-9.003083247687565;0.12589928057553956;0.017241379310344827;34500.0
MG;Patrimônio médio-baixo - imobiliário concentrado com veicular e societário;111;1;0.009009009009009009;1668;133;0.07973621103117506;0.11298516561674456;-7.072720202216605;0.06654676258992806;0.007518796992481203;200000.0
BA;Baixo patrimônio - veicular concentrado com rural/agropecuário e dinheiro em espécie;125;1;0.008;999;102;0.1021021021021021;0.07835294117647058;-9.41021021021021;0.12512512512512514;0.00980392156862745;32457.0
SP;Baixo patrimônio - veicular concentrado com rural/agropecuário e dinheiro em espécie;220;1;0.004545454545454545;2528;160;0.06329113924050633;0.07181818181818181;-5.874568469505179;0.08702531645569621;0.00625;25000.0
DF;Baixo patrimônio - veicular concentrado com rural/agropecuário e dinheiro em espécie;84;0;0.0;606;34;0.056105610561056105;0.0;-5.6105610561056105;0.13861386138613863;0.0;38000.0
DF;Patrimônio médio-baixo - imobiliário concentrado com veicular e societário;43;0;0.0;606;34;0.056105610561056105;0.0;-5.6105610561056105;0.07095709570957096;0.0;217875.32
SP;Patrimônio médio-baixo - imobiliário concentrado com societário e dinheiro em espécie;111;0;0.0;2528;160;0.06329113924050633;0.0;-6.329113924050633;0.043908227848101264;0.0;210000.0
SP;Patrimônio médio-baixo - imobiliário concentrado com veicular e societário;106;0;0.0;2528;160;0.06329113924050633;0.0;-6.329113924050633;0.041930379746835444;0.0;194577.0
SP;Baixo patrimônio - outros ativos diversificado;95;0;0.0;2528;160;0.06329113924050633;0.0;-6.329113924050633;0.03757911392405063;0.0;1.0
SP;Baixo patrimônio - imobiliário concentrado;70;0;0.0;2528;160;0.06329113924050633;0.0;-6.329113924050633;0.027689873417721517;0.0;56039.2
SP;Patrimônio médio-baixo - societário + veicular;48;0;0.0;2528;160;0.06329113924050633;0.0;-6.329113924050633;0.0189873417721519;0.0;168150.675
SP;Baixo patrimônio - imobiliário + veicular;38;0;0.0;2528;160;0.06329113924050633;0.0;-6.329113924050633;0.015031645569620253;0.0;75833.33499999999
SP;Patrimônio médio-baixo - veicular concentrado;26;0;0.0;2528;160;0.06329113924050633;0.0;-6.329113924050633;0.010284810126582278;0.0;139699.23
RO;Baixo patrimônio - dinheiro em espécie concentrado;29;0;0.0;454;33;0.07268722466960352;0.0;-7.268722466960352;0.06387665198237885;0.0;4500.0
SC;Baixo patrimônio - veicular concentrado com rural/agropecuário e dinheiro em espécie;80;0;0.0;752;56;0.07446808510638298;0.0;-7.446808510638298;0.10638297872340426;0.0;40000.0
SC;Patrimônio médio-baixo - imobiliário concentrado com societário e dinheiro em espécie;36;0;0.0;752;56;0.07446808510638298;0.0;-7.446808510638298;0.047872340425531915;0.0;200000.0
SC;Patrimônio médio-alto - imobiliário concentrado com societário e dinheiro em espécie;33;0;0.0;752;56;0.07446808510638298;0.0;-7.446808510638298;0.043882978723404256;0.0;450000.0
SC;Patrimônio médio-baixo - imobiliário + veicular;26;0;0.0;752;56;0.07446808510638298;0.0;-7.446808510638298;0.034574468085106384;0.0;194099.35499999998
PR;Baixo patrimônio - veicular concentrado com rural/agropecuário e dinheiro em espécie;145;0;0.0;1154;86;0.07452339688041594;0.0;-7.452339688041594;0.12564991334488734;0.0;32178.0
PR;Patrimônio médio-baixo - imobiliário concentrado com veicular e societário;69;0;0.0;1154;86;0.07452339688041594;0.0;-7.452339688041594;0.05979202772963605;0.0;186373.3
PR;Patrimônio médio-alto - imobiliário concentrado com veicular e dinheiro em espécie;65;0;0.0;1154;86;0.07452339688041594;0.0;-7.452339688041594;0.05632582322357019;0.0;448000.0
PR;Baixo patrimônio - dinheiro em espécie concentrado;64;0;0.0;1154;86;0.07452339688041594;0.0;-7.452339688041594;0.05545927209705372;0.0;10000.0
PR;Patrimônio médio-baixo - imobiliário concentrado com societário e dinheiro em espécie;62;0;0.0;1154;86;0.07452339688041594;0.0;-7.452339688041594;0.053726169844020795;0.0;200000.0
PR;Baixo patrimônio - veicular concentrado com financeiro e societário;32;0;0.0;1154;86;0.07452339688041594;0.0;-7.452339688041594;0.02772963604852686;0.0;47983.0
PR;Baixo patrimônio - societário concentrado;28;0;0.0;1154;86;0.07452339688041594;0.0;-7.452339688041594;0.024263431542461005;0.0;47183.5
GO;Patrimônio médio-baixo - imobiliário concentrado com veicular e societário;65;0;0.0;766;60;0.0783289817232376;0.0;-7.83289817232376;0.08485639686684072;0.0;194861.29
GO;Patrimônio médio-baixo - imobiliário concentrado com societário e dinheiro em espécie;50;0;0.0;766;60;0.0783289817232376;0.0;-7.83289817232376;0.06527415143603134;0.0;190000.0
GO;Patrimônio médio-alto - imobiliário concentrado com veicular e dinheiro em espécie;48;0;0.0;766;60;0.0783289817232376;0.0;-7.83289817232376;0.06266318537859007;0.0;452850.0
MG;Patrimônio médio-baixo - imobiliário concentrado com societário e dinheiro em espécie;95;0;0.0;1668;133;0.07973621103117506;0.0;-7.973621103117506;0.05695443645083933;0.0;200000.0
MG;Patrimônio médio-baixo - rural/agropecuário + imobiliário;30;0;0.0;1668;133;0.07973621103117506;0.0;-7.973621103117506;0.017985611510791366;0.0;201500.0
MG;Baixo patrimônio - societário concentrado;25;0;0.0;1668;133;0.07973621103117506;0.0;-7.973621103117506;0.01498800959232614;0.0;15000.0
RJ;Patrimônio médio-alto - imobiliário concentrado com veicular e dinheiro em espécie;76;0;0.0;1432;116;0.08100558659217877;0.0;-8.100558659217876;0.05307262569832402;0.0;435000.0
RJ;Patrimônio médio-baixo - imobiliário concentrado com veicular e societário;60;0;0.0;1432;116;0.08100558659217877;0.0;-8.100558659217876;0.04189944134078212;0.0;209938.0
RJ;Alto patrimônio - imobiliário concentrado com veicular e outros ativos;40;0;0.0;1432;116;0.08100558659217877;0.0;-8.100558659217876;0.027932960893854747;0.0;1210000.0
RJ;Patrimônio médio-baixo - veicular concentrado;26;0;0.0;1432;116;0.08100558659217877;0.0;-8.100558659217876;0.018156424581005588;0.0;136100.0
AM;Baixo patrimônio - dinheiro em espécie concentrado;43;0;0.0;398;34;0.08542713567839195;0.0;-8.542713567839195;0.10804020100502512;0.0;3500.0
AM;Baixo patrimônio - veicular concentrado com rural/agropecuário e dinheiro em espécie;37;0;0.0;398;34;0.08542713567839195;0.0;-8.542713567839195;0.09296482412060302;0.0;30000.0
AM;Patrimônio médio-baixo - imobiliário concentrado com societário e dinheiro em espécie;33;0;0.0;398;34;0.08542713567839195;0.0;-8.542713567839195;0.0829145728643216;0.0;200000.0
AM;Patrimônio médio-baixo - imobiliário concentrado com veicular e societário;25;0;0.0;398;34;0.08542713567839195;0.0;-8.542713567839195;0.06281407035175879;0.0;172000.0
TO;Baixo patrimônio - veicular concentrado com rural/agropecuário e dinheiro em espécie;38;0;0.0;411;36;0.08759124087591241;0.0;-8.75912408759124;0.09245742092457421;0.0;28000.0
TO;Patrimônio médio-baixo - imobiliário concentrado com veicular e societário;30;0;0.0;411;36;0.08759124087591241;0.0;-8.75912408759124;0.072992700729927;0.0;163500.0
TO;Patrimônio médio-baixo - imobiliário concentrado com societário e dinheiro em espécie;25;0;0.0;411;36;0.08759124087591241;0.0;-8.75912408759124;0.06082725060827251;0.0;160000.0
MS;Patrimônio médio-baixo - imobiliário concentrado com societário e dinheiro em espécie;27;0;0.0;394;36;0.09137055837563451;0.0;-9.137055837563452;0.06852791878172589;0.0;172165.59
MT;Patrimônio médio-alto - imobiliário concentrado com veicular e dinheiro em espécie;32;0;0.0;380;37;0.09736842105263158;0.0;-9.736842105263158;0.08421052631578947;0.0;473000.0
RN;Baixo patrimônio - veicular concentrado com rural/agropecuário e dinheiro em espécie;51;0;0.0;356;35;0.09831460674157304;0.0;-9.831460674157304;0.14325842696629212;0.0;23000.0
RR;Baixo patrimônio - veicular concentrado com rural/agropecuário e dinheiro em espécie;66;0;0.0;343;34;0.09912536443148688;0.0;-9.912536443148689;0.1924198250728863;0.0;20500.0
RR;Patrimônio médio-baixo - imobiliário concentrado com veicular e societário;26;0;0.0;343;34;0.09912536443148688;0.0;-9.912536443148689;0.07580174927113703;0.0;205000.0
SE;Patrimônio médio-baixo - imobiliário concentrado com veicular e societário;31;0;0.0;322;32;0.09937888198757763;0.0;-9.937888198757763;0.09627329192546584;0.0;179000.0
BA;Baixo patrimônio - dinheiro em espécie concentrado;29;0;0.0;999;102;0.1021021021021021;0.0;-10.21021021021021;0.02902902902902903;0.0;10000.0
PA;Baixo patrimônio - imobiliário concentrado;35;0;0.0;556;58;0.10431654676258993;0.0;-10.431654676258994;0.06294964028776978;0.0;60000.0
PA;Patrimônio médio-baixo - imobiliário concentrado com societário e dinheiro em espécie;30;0;0.0;556;58;0.10431654676258993;0.0;-10.431654676258994;0.0539568345323741;0.0;200000.0
PA;Patrimônio médio-baixo - imobiliário concentrado com veicular e societário;30;0;0.0;556;58;0.10431654676258993;0.0;-10.431654676258994;0.0539568345323741;0.0;174472.5
AP;Baixo patrimônio - imobiliário concentrado;26;0;0.0;267;28;0.10486891385767791;0.0;-10.486891385767791;0.09737827715355805;0.0;58000.0
MA;Baixo patrimônio - veicular concentrado com rural/agropecuário e dinheiro em espécie;60;0;0.0;575;63;0.10956521739130434;0.0;-10.956521739130434;0.10434782608695652;0.0;38395.0
MA;Baixo patrimônio - imobiliário concentrado;49;0;0.0;575;63;0.10956521739130434;0.0;-10.956521739130434;0.08521739130434783;0.0;57868.9
AC;Baixo patrimônio - veicular concentrado com rural/agropecuário e dinheiro em espécie;51;0;0.0;281;32;0.11387900355871886;0.0;-11.387900355871885;0.18149466192170818;0.0;30000.0
AC;Patrimônio médio-baixo - imobiliário concentrado com veicular e societário;27;0;0.0;281;32;0.11387900355871886;0.0;-11.387900355871885;0.09608540925266904;0.0;225000.0
CE;Baixo patrimônio - veicular concentrado com rural/agropecuário e dinheiro em espécie;95;0;0.0;611;71;0.11620294599018004;0.0;-11.620294599018004;0.15548281505728315;0.0;23900.0
CE;Baixo patrimônio - imobiliário concentrado;26;0;0.0;611;71;0.11620294599018004;0.0;-11.620294599018004;0.0425531914893617;0.0;65000.0
PB;Baixo patrimônio - veicular concentrado com rural/agropecuário e dinheiro em espécie;51;0;0.0;413;51;0.1234866828087167;0.0;-12.34866828087167;0.1234866828087167;0.0;37000.0
PB;Patrimônio médio-alto - imobiliário concentrado com veicular e dinheiro em espécie;31;0;0.0;413;51;0.1234866828087167;0.0;-12.34866828087167;0.07506053268765134;0.0;440000.0
PE;Baixo patrimônio - veicular concentrado com rural/agropecuário e dinheiro em espécie;94;0;0.0;572;72;0.1258741258741259;0.0;-12.587412587412588;0.16433566433566432;0.0;35000.0
AL;Baixo patrimônio - veicular concentrado com rural/agropecuário e dinheiro em espécie;33;0;0.0;239;39;0.16317991631799164;0.0;-16.317991631799163;0.13807531380753138;0.0;25000.0
PI;Baixo patrimônio - veicular concentrado com rural/agropecuário e dinheiro em espécie;38;0;0.0;262;43;0.16412213740458015;0.0;-16.412213740458014;0.1450381679389313;0.0;32500.0
